Route Number,Source and Destination,Stops
5,Chhatrapati Shivaji Maharaj Chowk Bhiwandi → Airoli Bus Station,"[""Chhatrapati Shivaji Maharaj Chowk Bhiwandi"", ""Najarana Compound"", ""Nashik Bypass Bharat Petroleum"", ""Bhiwandi S.T.Stand"", ""Tahsil Karyalaya Bhiwandi"", ""Grahak Seva Kendra Kalyan Phata"", ""Shastrinagar Police Station"", ""M.S.E.B.Office Bhiwandi"", ""Babla Compound"", ""Bhadwad Pipeline"", ""Temghar Pada"", ""Saibaba Mandir Bhiwandi Road"", ""Kalyan Bypass (Rajnoli Naka)"", ""Tata Housing Bhiwandi Bypass"", ""Bhumi World"", ""Pimpalas Phata"", ""Railway Bridge Pimplas"", ""Dongarli"", ""Ovali Gaon Bhiwandi Road"", ""Lodha Gaon"", ""Lodha Dham"", ""Cement Plant (Nanak Dhaba)"", ""Indian Oil Pump (Mankoli)"", ""Mankoli"", ""Indian Oil Diva Highway"", ""Anjur Gaon"", ""Farm House Anjur Gaon"", ""Toll Plaza Kharegaon"", ""Kharegaon Phata"", ""Saket Phata"", ""Rustomjee Azziano"", ""Lodha Complex"", ""Majiwada B.M.C Office"", ""Golden Daiej (Majiwada Junction)"", ""Muktai Nagar Majiwada"", ""Gokul Nagar"", ""Ambika Yog Kutir"", ""Castle Mill Chowk"", ""Holy Cross School"", ""Police Line"", ""R.T.O Office (Thane)"", ""Court Naka (Kanhaji Angre Chowk)"", ""Court Naka (Kanhaji Angre Chowk)"", ""Mahagiri Koliwada"", ""Dadoji Konddev Stadium"", ""Thane"", ""Chendani Koliwada"", ""Dadoji Kondadev Stadium"", ""Mahagiri Koliwada"", ""Court Naka (Kanhaji Angre Chowk)"", ""Kalwa Naka"", ""Chhatrapati Shivaji Maharaj Hospital Kalwa"", ""Vitava Village"", ""Vitava Naka"", ""Ganpati Pada (Vitava Naka)"", ""Mukund Company Bridge"", ""Ganesh Nagar"", ""Digha Village"", ""M.S.E.B Digha"", ""Reliable Plaza"", ""Airoli Naka"", ""Minds Space"", ""Airoli Station"", ""Bharat Bijlee Airoli"", ""Airoli Bus Station""]"
86,Diva Station → Airoli Bus Station,"[""Diva Station"", ""National School Diva"", ""Sudama Regency"", ""Khardi Gaon"", ""Chandicha Pada"", ""Ladhi Company"", ""Phadke Tantra Niketan"", ""Shil Gaon"", ""Talav"", ""Shil Phata Mumbra Road"", ""Kalsekar"", ""Bharat Gears (Mumbra)"", ""Millenium Hospital (Kousa)"", ""Shimla Park"", ""Kousa Jama Masjid"", ""Kousa Gaon"", ""Almos Colony (Kousa)"", ""Nashimat Colony"", ""Kismat Colony"", ""Amrut Nagar (Mumbra)"", ""Shankar Mandir Mumbra"", ""Shivsena Office (Mumbra)"", ""Mumbra Police Station"", ""Lalit Clinic"", ""Mumbra Prabhat Office"", ""Mumbra Railway Station"", ""Mumbra Dattawadi"", ""Retibunder Number 1"", ""Rananagar"", ""Retibunder 2"", ""Reti Bunder Circle (Atmaram Patil Chowk)"", ""Reti Bunder Circle Kalwa"", ""Sainath Nagar"", ""Subhash Tower"", ""Vastu Anand"", ""Parsik Nagar"", ""Raj Park"", ""Premnagar"", ""Khare Gaon Naka"", ""Dattawadi Khare Gaon"", ""Sahyadri Society"", ""Manisha Nagar"", ""Kalwa Naka"", ""Court Naka (Kanhaji Angre Chowk)"", ""Mahagiri Koliwada"", ""Dadoji Konddev Stadium"", ""Thane"", ""Chendani Koliwada"", ""Dadoji Kondadev Stadium"", ""Mahagiri Koliwada"", ""Court Naka (Kanhaji Angre Chowk)"", ""Kalwa Naka"", ""Chhatrapati Shivaji Maharaj Hospital Kalwa"", ""Vitava Village"", ""Vitava Naka"", ""Ganpati Pada (Vitava Naka)"", ""Patni Company Airoli"", ""Mindspace (Capgemini)"", ""Axis Bank"", ""Neva Garden"", ""Smashan Bhumi Airoli"", ""Airoli Sector 20"", ""Sector 19 Airoli"", ""Ojas Apartment"", ""Gaondevi Maidan / Airoli Gaon"", ""Datta Meghe College"", ""P C Society Madhavi Road"", ""Motiram Shankar Patekar Chowk"", ""Parsik Bank"", ""Modi Hospital"", ""Airoli Station (W)"", ""Airoli Bus Station""]"
105,Panvel Station (W) → Bandra Station (W) [Nmmt],"[""Panvel Station (W)"", ""Panvel Bus Station / Shivajinagar"", ""Orion Mall Panvel"", ""New Panvel Bridge"", ""Amardham / C.K.T College"", ""Thane Naka / Garden Hotel"", ""Khanda Gaon Colony"", ""Khanda Gaon Netrajyot Hospital"", ""Asudgaon Depot Highway"", ""Kalamboli Circle | MGM Hospital"", ""Kalamboli Colony"", ""Kamothe Village | K.L.E College"", ""Kamothe Phata"", ""Taloja Phata"", ""Spageti Gharkul"", ""Kopra Gaon"", ""Hiranandani Highway Kharghar"", ""Kharghar Railway Station"", ""CBD Fire Brigade Station"", ""CBD Belapur Bus Station"", ""CBD Fire Brigade Station"", ""CBD Belapur Highway / Konkan Bhavan"", ""Uran Phata"", ""S.B.I Colony / Tata Press"", ""Dr D.Y Patil Stadium (Nerul)"", ""Nerul Naka"", ""Shirvane Village"", ""Juinagar Station (Herdilla Co.)"", ""Sanpada Police Station"", ""Turbhe Naka (Janta Market)"", ""Turbhe Railway Bridge"", ""I.C.L School (Vashi)"", ""A.P.M.C Market (Vashi)"", ""Kanda Batata Market"", ""Saint Lawrence High School (Vashi)"", ""Navratna Hotel Vashi"", ""Apna Bazaar Sector 17 Vashi"", ""Vashi Highway"", ""Vashi Village"", ""Khadi Pul / Toll Naka"", ""Mankhurd Octroi Naka"", ""Maharashtra Nagar (Mankhurd)"", ""Mankhurd Station (N)"", ""Agarwadi (Mankhurd)"", ""Raj Kapoor Chowk | Anushakti Nagar"", ""Telecom Factory"", ""Punjabwadi"", ""Punjabwadi"", ""Deonar Depot"", ""RK Studio"", ""Maitri Park"", ""Reserve Bank Colony"", ""Acharya Udyan / Diamond Garden"", ""Acharya Udyan"", ""Sandu Wadi"", ""Chembur Naka (Swami Vivekanand Chowk)"", ""Kumbharwada (Chembur)"", ""Umarshi Bappa Chowk (Chembur)"", ""Lokshahir Annabhau Sathe Udyan / Suman Nagar"", ""Priyadarshini"", ""Everard Nagar"", ""Canara Bank BKC"", ""NSE | BKC"", ""Tata Colony (B.K.C)"", ""Income Tax Office (B.K.C)"", ""Reserve Bank Of India (B.K.C)"", ""M.M.R.D.A / Family Court (B.K.C)"", ""Kalanagar (B.K.C Road)"", ""Kalanagar (Bandra E)"", ""P.Mohammed Rafi Chowk (Bandra-W)"", ""Bandra Police Station"", ""Bhabha Hospital"", ""Bandra Talkies"", ""Bandra Talao"", ""Bandra Station (W) [Nmmt]""]"
110 EL.AC,World Trade Centre → Bank Of India Sector 35 Kharghar,"[""World Trade Centre"", ""Maker Tower"", ""Gd Somani School"", ""Hotel President (Cuffe Parade)"", ""Cuffe Parade Machhimar Nagar"", ""Badhwar Park Machhimar Nagar"", ""Veej Bhavan / Electric House"", ""Yashwantrao Chavan Pratishthan"", ""Mantralaya / L.I.C"", ""Mantralaya"", ""Mantralaya (Golden Gate)"", ""Dr.Shyamaprasad Mukherjee Chowk (Museum)"", ""Dr.Shyamaprasad Mukherjee Chowk (Museum)"", ""Hutatma Chowk / Mumbai University"", ""Hutatma Chowk"", ""Khadi Bhandar"", ""Chhatrapati Shivaji Maharaj Terminus (C.S.M.T.)"", ""Chhatrapati Shivaji Maharaj Terminus (G.P.O.)"", ""Chhatrapati Shivaji Maharaj Terminus"", ""Railway Accident Court"", ""Fire Brigade (P.D Mello Road)"", ""Carnac Bunder"", ""Loha Bhavan"", ""Princess Dock"", ""Wadi Bunder"", ""Deonar Depot"", ""Punjab Wadi (Deonar)"", ""Telecom Factory"", ""Raj Kapoor Chowk | Anushakti Nagar"", ""Agarwadi (Mankhurd)"", ""Mankhurd Station (N)"", ""Maharashtra Nagar (Mankhurd)"", ""Mankhurd Octroi Naka"", ""Khadi Pul / Toll Naka"", ""Vashi Village"", ""Sanpada Station"", ""Sanpada Highway"", ""Turbhe Village"", ""Sanpada Police Station"", ""Juinagar Station (Herdilla Co.)"", ""Shirvane Village"", ""Nerul Naka"", ""Dr D.Y Patil Stadium (Nerul)"", ""S.B.I Colony / Tata Press"", ""Uran Phata"", ""CBD Fire Brigade Station"", ""CBD Belapur Bus Station"", ""Vivekanand Nagar (Sector 5)"", ""Sector 7"", ""Reserve Bank Colony (Belapur)"", ""Bharati Vidyapeeth Belapur"", ""Kharghar Subway"", ""Belpada Gaon"", ""Yerla Arogya Kendra"", ""Bal Bharati Vidyalaya"", ""I.T.Park"", ""Regency Garden / Petrol Pump"", ""Tulsi Gagan Society"", ""A.P.J.School"", ""Shilp Chowk"", ""Kharghar Jalvayu Vihar"", ""Green Heritage Sector 20"", ""Hare Krishna Mandir"", ""Central Park / Pandav Kada"", ""Gurudwara"", ""Tata Cancer Hospital"", ""Ove Camp"", ""Empyrean School"", ""Sai Satsang"", ""Ove Gaon (C.I.S.F)"", ""Kharghar Sector 35 (Manjiri Paradise) Bharatmata Chowk"", ""Sector 35 Circle"", ""Bank Of India Sector 35 Kharghar""]"
125 EL.AC,Kharghar Jalvayu Vihar → Borivali (E) Station,"[""Kharghar Jalvayu Vihar"", ""Shilp Chowk"", ""A.P.J.School"", ""Tulsi Gagan Society"", ""Regency Garden / Petrol Pump"", ""I.T.Park"", ""Hiranandani Complex Kharghar"", ""Hiranandani Highway Kharghar"", ""Kharghar Railway Station"", ""CBD Belapur Bus Station"", ""CBD Fire Brigade Station"", ""CBD Belapur Highway / Konkan Bhavan"", ""Uran Phata"", ""S.B.I Colony / Tata Press"", ""Dr D.Y Patil Stadium (Nerul)"", ""Nerul Naka"", ""Shirvane Village"", ""Juinagar Station (Herdilla Co.)"", ""Sanpada Police Station"", ""Turbhe Naka (Janta Market)"", ""Turbhe Railway Bridge"", ""I.C.L School (Vashi)"", ""A.P.M.C Market (Vashi)"", ""Kanda Batata Market"", ""Saint Lawrence High School (Vashi)"", ""Vashi Bus Station"", ""Vashi Sector 9/16"", ""Navi Mumbai Bank (Vashi Sector 10/15)"", ""Vashi Sector 10/15"", ""Mahatma Gandhi Complex (Juhu Nagar)"", ""Juhu Village Sector 14"", ""Vashi Sector 29"", ""Mega Mart / O.E.S International School"", ""Bonkode Village / Kalash Udyan"", ""R.F Naik School"", ""Koparkhairane Sector 7/15 (Shubham Palace)"", ""Koparkhairane Bus Station"", ""Ranjan Devi Chowk"", ""Kopar Khairane Sector 2/20"", ""Terna Engineering College"", ""Helan Kelar Institute"", ""MBP Mahape"", ""MBP Mahape (Millennium Business Park)"", ""Helan Kelar Institute"", ""Mahape Naka"", ""Ghansoli Station"", ""Standard Alkali Company"", ""Ghansoli Naka"", ""Talavali Naka / Nocil Company"", ""Gothivali Village / Telephone Exchange"", ""Rabale Station"", ""Rabale Naka"", ""Rabale Police Station"", ""Airoli Sector 5"", ""Airoli Sector 8 / Diva Village"", ""Diva Gaon Kopra / Airoli Sector 9"", ""Airoli Sector 10 (Dr.Babasaheb Ambedkar Bhavan)"", ""Airoli Toll Naka (Mulund-E)"", ""Bhandup Pumping Station (Link Road)"", ""Bhandup Pumping Station"", ""Bhandup Village"", ""Kanjur Marg Village (E.E.H)"", ""JVLR Junction"", ""Tagore Nagar Junction"", ""Tagore Nagar No.5"", ""Gandhi Nagar (Kanjurmarg)"", ""Gandhi Nagar (Jvlr)"", ""IIT Market Powai"", ""IIT Main Gate Powai"", ""Gateway Plaza (Powai)"", ""Punchkutir / Ganesh Mandir (Powai)"", ""Hiranandani Powai"", ""Powai Vihar Complex"", ""Ram Ashram"", ""Shipping Corporation"", ""Dr.Ambedkar Udyan (Powai)"", ""Dr.Ambedkar Udyan (Powai)"", ""Milind Nagar (J.V.L.R)"", ""I.E.S High School J.V.L.R"", ""Aarey JVLR Metro Station"", ""Reliance Energy Training Centre (Seepz Village)"", ""Seepz Village"", ""Seepz Village"", ""Sariput Nagar"", ""Kamal Amrohi Studio"", ""Durga Nagar"", ""Green Field"", ""Kalpataru Estate"", ""Majas Depot"", ""Shyamnagar (Majas)"", ""Datta Tekdi"", ""Ramwadi"", ""Pratap Nagar (Jogeshwari-E)"", ""Late Balasaheb Thackeray Trauma Center | SRP Camp"", ""Bimbisar Nagar"", ""Mahananda Dairy | N.S.C Compound"", ""Vanrai | Mhada Colony"", ""Goregaon Check Naka Number 1"", ""Virwani Estate | Sarvodaya Nagar"", ""RBI Colony | Pathanwadi"", ""Jagriti Malad Pravasi Bus Depot"", ""Kurar Village"", ""Pushpa Park (Malad-E)"", ""Bandongri"", ""Sambhaji Nagar (Kandivali-E)"", ""Mahindra Company Gate | BHAD Colony"", ""Dattani Park (Magathane)"", ""Magathane Telephone Exchange"", ""Magathane Depot"", ""Devipada"", ""Omkareshwar Mandir"", ""Borivali Market (E) / Carter Road"", ""Borivali (E) Station"", ""Borivali (E) Station""]"
45,Taloja Phase 2 → Kharghar Railway Station,"[""Taloja Phase 2"", ""Shelter Corner Taloja"", ""Kalpavriksha Aura Taloja"", ""Metro Bridge Taloja"", ""Karnal Bank"", ""Royal Residency / Midland"", ""Railway Crossing Taloja"", ""Taloja Highway"", ""Taloja Gaon R.A.F."", ""Bageshree Apartment Sector 40"", ""Parshi Pada"", ""Gokuldham Developers"", ""Bank Of India Sector 35 Kharghar"", ""Sector 35 Circle"", ""Kharghar Sector 35 (Manjiri Paradise) Bharatmata Chowk"", ""Ove Gaon (C.I.S.F)"", ""Sai Satsang"", ""Empyrean School"", ""Ove Camp"", ""Tata Cancer Hospital"", ""Gurudwara"", ""Central Park / Pandav Kada"", ""Hare Krishna Mandir"", ""Jesus Saint Merry School"", ""Regency Garden / Petrol Pump"", ""I.T.Park"", ""Bal Bharati Vidyalaya"", ""Yerla Arogya Kendra"", ""Kharghar Subway"", ""Kharghar Railway Station""]"
17 E.AC,Nerul Station (E) → Bamandongri Station (E),"[""Nerul Station (E)"", ""Nerul Railway Station (E)"", ""Dakshata Society"", ""Nerul Police Station"", ""Sterling College Darave"", ""Air India Colony"", ""Income Tax Colony"", ""Belapur West"", ""Kille Village"", ""Kille Village Bridge"", ""Reti Bunder Ulwe"", ""Targhar / Kombadbhuje"", ""Motha Ulwa Village"", ""Morave Phata"", ""Vahal"", ""Vahal Sai Mandir"", ""Shagun Reality Chowk / Fire Brigade Center"", ""Anand Astha Society Sector 19"", ""Bamandongri Station (E)""]"
22 E.AC,Vashi Sector 7 Bus Station → Kharghar Jalvayu Vihar,"[""Vashi Sector 7 Bus Station"", ""Vashi Sector 8"", ""Kamgar Hospital"", ""Vashi Sector 4"", ""Vashi Sector 4"", ""Vashi Sector 3 / Gurudwara"", ""Vashi Bus Station"", ""Vashi Bus Station"", ""Saint Lawrence High School (Vashi)"", ""Kanda Batata Market"", ""A.P.M.C Market (Vashi)"", ""I.C.L School (Vashi)"", ""Turbhe Railway Bridge"", ""Turbhe Naka (Janta Market)"", ""Sanpada Gaon"", ""Barkibai Thakur Garden"", ""Gajanan Maharaj Chowk (Sanpada)"", ""Nathu Joma Patil Chowk"", ""Sant Nirankari Bhavan"", ""Juinagar Station (W)"", ""Aniruddha Bhavan"", ""Jui Pada Gaon (Sector 23/24)"", ""Gaondevi Chowk (Sarsole)"", ""Juinagar Sector 25"", ""Chincholi Talao (Sector 25)"", ""Nerul Sector 2"", ""Sarsole Koliwada"", ""Nerul Kant Darbar / Sector 6"", ""Sagardeep Society / Sushrusha Hospital"", ""Meridian Society"", ""Kukshet Gaon / M.S.E.B (Nerul)"", ""Nerul Sector 16/18"", ""Marathi School Sector 26"", ""Vidyaprasark Shikshan Mandal"", ""Nerul Village"", ""Nerul Railway Station (W)"", ""Terna Hospital"", ""Shri Ganesh Cooperative Housing Society"", ""Nerul Gymkhana"", ""Darave Phatak / Sanjay Joshi Chowk"", ""Seawood Railway Station"", ""Seawoods Darave Station"", ""D Mart / Nerul Sector 42"", ""Kendriya Vihar Sector 38"", ""Ganesh Talav Karave Gaon"", ""Ganesh Maidan"", ""Sector 42 Bus Station / Gaymukh Chowk"", ""Sector 42 Bus Station / Gaymukh Chowk"", ""Nerul Sector 48 / Petrol Pump"", ""Akshar Residency"", ""N.R.I / Nerul Sector 46 & 48"", ""Sagar Sangam"", ""N.M.M.C Head Office Belapur (Kille Gaon)"", ""Kille Gaon (Belapur)"", ""Udanchan Kendra / Sonar Aali"", ""Geomayor"", ""Vidya Prasarak High School"", ""Diwale Village"", ""Agarwal Trade Centre"", ""Central Bank | Belapur Station"", ""Raigad Bhavan"", ""Belapur Station"", ""CIDCO Bhavan (Konkan Bhavan)"", ""CBD Fire Brigade Station"", ""CBD Belapur Bus Station"", ""Vivekanand Nagar (Sector 5)"", ""Sector 7"", ""Reserve Bank Colony (Belapur)"", ""Bharati Vidyapeeth Belapur"", ""Kharghar Subway"", ""Belpada Gaon"", ""Yerla Arogya Kendra"", ""Bal Bharati Vidyalaya"", ""Bank Of India / Hiranandani Complex"", ""Kendriya Vihar"", ""Kendriya Vihar Sector No.12 / Navrang Hotel"", ""Nagari Arogya Kendra Kharghar"", ""Gharkul Corner"", ""Kharghar Gram Panchayat Office"", ""Raghunath Vihar"", ""Shilp Chowk"", ""Kharghar Jalvayu Vihar""]"
76,Panvel Station (W) → Karanjade Sector 6 (Jai Sambhav Society),"[""Panvel Station (W)"", ""Panvel Bus Station / Shivajinagar"", ""Panvel S.T.Stand"", ""Bhaji Market (Panvel)"", ""Shivaji Maharaj Chowk"", ""M.T.N.L."", ""S.B.I.(Panvel)"", ""Pancharatna Hotel"", ""Raigad Bazar"", ""Tapal Naka"", ""Karanjade Phata"", ""College Phata"", ""Karanjade Sector 3"", ""Karanjade Sector 4 / Bhakti Apartment"", ""Karanjade Gaon"", ""Tulsi Garden"", ""Krishna Kutir"", ""Karanjade Sector 6 (Jai Sambhav Society)""]"
40,Vashi Station → Dahisar Gaon Naka,"[""Vashi Station"", ""Center One Mall (Vashi)"", ""Vashi Sector 17 / Apna Bazar"", ""Navratna Hotel Vashi"", ""Vashi Bus Station"", ""Saint Lawrence High School (Vashi)"", ""Kanda Batata Market"", ""A.P.M.C Market (Vashi)"", ""Mafco Market Sanpada"", ""Sanpada Station"", ""Sanpada Highway"", ""Turbhe Village"", ""Turbhe Naka (Flyover End)"", ""Turbhe Naka"", ""Dambar Plant"", ""Lubrizol Company | Indiranagar"", ""Indira Nagar"", ""Bagade Engineers"", ""Sunravi Printers"", ""Shalimar"", ""Hayko"", ""Krishna Steel"", ""Pawan Industries"", ""Ramnath Solar"", ""Nelco Mahape"", ""Mahape Gaon"", ""Mahape Junction"", ""Lipi Computers"", ""L&T Company Mahape"", ""Adavali Bhutawali"", ""Bajrang Hotel"", ""Khadichi Machine"", ""Cidco Water Supply"", ""Punjab Puja Hotel"", ""Shil Nursery"", ""Shil Phata Mahape Road"", ""Kalyan Phata (Dahisar Gaon)"", ""Kalyan Phata (Datta Mandir)"", ""Shil Daighar Police Station"", ""Gotheghar (Hotel Govardhan)"", ""Uttar Shiv Phata"", ""Bhandarli Gaon"", ""Khot Bungalow"", ""Dahisar Mori / Pimpri"", ""Karmnagari"", ""Dahisar Gaon Naka""]"
56 V.AC,Police Commissioner Office (Kalamboli) → Mansarovar Railway Station,"[""Police Commissioner Office (Kalamboli)"", ""Nilkanth Majestic"", ""Sai Amrut Towers"", ""Talav Chowk"", ""Kalamboli Sector 16 Roadpali"", ""Maharashtra School Sector 13"", ""Gurudwara Kalamboli"", ""Karamil School"", ""Satyam Tower"", ""Church / S.T.Sub Station"", ""Kalamboli Bus Station"", ""Kalamboli Naka"", ""Fire Brigade Kalamboli / Abhyudaya Bank"", ""Kalamboli Gaon"", ""Kalamboli Chowk (Mumbra Road)"", ""Kalamboli Chowk (M.G.M.Hospital)"", ""Kalamboli Colony"", ""Kamothe Village / K.L.E College"", ""Jain Park"", ""Dr.B.R.Ambedkar Chowk / Kamothe Police Station"", ""Krushna Hotel / Swastik Krushna Society"", ""Patel Plaza"", ""Mothi Jui Phata"", ""Mansarovar Railway Station""]"
107 EL.AC,World Trade Centre → CBD Belapur Bus Station,"[""World Trade Centre"", ""Maker Tower"", ""Gd Somani School"", ""Hotel President (Cuffe Parade)"", ""Cuffe Parade Machhimar Nagar"", ""Badhwar Park Machhimar Nagar"", ""Veej Bhavan / Electric House"", ""Yashwantrao Chavan Pratishthan"", ""Mantralaya / L.I.C"", ""Mantralaya"", ""Mantralaya (Golden Gate)"", ""Dr.Shyamaprasad Mukherjee Chowk (Museum)"", ""Dr.Shyamaprasad Mukherjee Chowk (Museum)"", ""Hutatma Chowk / Mumbai University"", ""Hutatma Chowk"", ""Khadi Bhandar"", ""Chhatrapati Shivaji Maharaj Terminus (C.S.M.T.)"", ""Chhatrapati Shivaji Maharaj Terminus (G.P.O.)"", ""Chhatrapati Shivaji Maharaj Terminus"", ""Railway Accident Court"", ""Fire Brigade (P.D Mello Road)"", ""Carnac Bunder"", ""Loha Bhavan"", ""Princess Dock"", ""Wadi Bunder"", ""Deonar Depot"", ""Punjab Wadi (Deonar)"", ""Telecom Factory"", ""Raj Kapoor Chowk | Anushakti Nagar"", ""Agarwadi (Mankhurd)"", ""Mankhurd Station (N)"", ""Maharashtra Nagar (Mankhurd)"", ""Mankhurd Octroi Naka"", ""Khadi Pul / Toll Naka"", ""Vashi Village"", ""Vashi Sector 17 / Apna Bazar"", ""Navratna Hotel Vashi"", ""Vashi Bus Station"", ""Saint Lawrence High School (Vashi)"", ""Mathama Phule Sabhagruha"", ""Maharashtra State Co-Operative Bank"", ""Moraj Sanpada"", ""Sarsole T-Junction / Palm Beach Residency"", ""Sagardeep Society / Sushrusha Hospital"", ""Meridian Society"", ""Kukshet Gaon / M.S.E.B (Nerul)"", ""Nerul Sector 16/18"", ""Vidya Bhavan Shala / Swami Samarth Math"", ""Vazirani Sports Academy"", ""Agari Koli Sanskrutik Bhavan"", ""Omkar Society"", ""Sai Palms Society"", ""Jewek Of Navi Mumbai"", ""Darave Phatak / Sanjay Joshi Chowk"", ""Seawood Railway Station"", ""Seawoods Darave Station"", ""D Mart / Nerul Sector 42"", ""Don Bosco Vidyalay (Nerul)"", ""Sector 42 Bus Station / Gaymukh Chowk"", ""Sector 42 Bus Station / Gaymukh Chowk"", ""Nerul Sector 48 / Petrol Pump"", ""Akshar Residency"", ""N.R.I / Nerul Sector 46 & 48"", ""Sagar Sangam"", ""N.M.M.C Head Office Belapur (Kille Gaon)"", ""Bramha House"", ""Sai Sangam Society"", ""Diwale Village"", ""Agarwal Trade Centre"", ""Central Bank | Belapur Station"", ""Raigad Bhavan"", ""Belapur Station"", ""CIDCO Bhavan (Konkan Bhavan)"", ""CBD Fire Brigade Station"", ""CBD Belapur Bus Station""]"
48,Vashivali Gaon (Rasayani) → Belapur Station,"[""Vashivali Gaon (Rasayani)"", ""Vashivali Vadi"", ""Borivali Gaon (Vashivali)"", ""Reliance Petrol Pump"", ""Reliance Company Rasayani"", ""Cipla Gate (Rasayani)"", ""Cipla Corner"", ""Kaire Shivaji Nagar"", ""Reliance Gate No.1"", ""Rasayani Police Station"", ""Paratha Corner"", ""Khane Ambivali"", ""Pillai College Char Phata"", ""Mohopada"", ""Pansil Gaon"", ""Chambharli Gaon"", ""Rees Bauddhwadi (Apana Bazar)"", ""Reesgaon"", ""Bhatwadi Sai Nivas"", ""Reeswadi"", ""Dand Phata"", ""M.J.P.Office"", ""Bhokarpada"", ""Samtanagar (Barvai Gaon)"", ""Bavrai Gaon"", ""Poyanje / Khanavale Phata"", ""Thobrewadi (Godrej City)"", ""Bhingarwadi"", ""Shedung"", ""Anjivali"", ""Raigad Petrol Pump Ajivali"", ""Kon Gaon"", ""Chikhale Gaon"", ""Derivali"", ""Kolkhe Gaon"", ""Hotel Rahul Park"", ""Palaspe Phata"", ""O.N.G.C.Kalundre"", ""Bhingari"", ""Panchmukhi Hanuman Mandir"", ""National Residency"", ""Takka Gaon Chowk"", ""Panvel Station Chowk"", ""Panvel Bus Station / Shivajinagar"", ""Orion Mall Panvel"", ""New Panvel Bridge"", ""Amardham / C.K.T College"", ""Thane Naka / Garden Hotel"", ""Khanda Gaon Colony"", ""Khanda Gaon Netrajyot Hospital"", ""Asudgaon Depot Highway"", ""Kalamboli Circle | MGM Hospital"", ""Kalamboli Colony"", ""Kamothe Village | K.L.E College"", ""Kamothe Phata"", ""Taloja Phata"", ""Spageti Gharkul"", ""Kopra Gaon"", ""Hiranandani Highway Kharghar"", ""Kharghar Railway Station"", ""CIDCO Bhavan (Konkan Bhavan)"", ""Belapur Station""]"
64,Kalyan Bail Bazar Chowk → Digha Village,"[""Kalyan Bail Bazar Chowk"", ""Raheja Complex Phool Market"", ""Patri Pul Kalyan"", ""Metro Mall Junction"", ""Netvali"", ""Suchak Naka"", ""Tata Power / Tisavali Naka"", ""Monark"", ""Pandurang Wadi"", ""Goalavali Gaon"", ""Vicco Naka"", ""Dawadi Naka"", ""Nekni Pada"", ""Dombivali Nagari Sahakari Bank"", ""Sonar Pada"", ""Sonarpada"", ""Pimpleshwar Temple"", ""Mangaon"", ""Manpada Gaon"", ""Premier Company"", ""Pipeline Kole Gaon"", ""Katai Junction / Naka"", ""Katai Gaon"", ""Lodha Complex"", ""Khidkali"", ""Khidkali Mandir"", ""Padale Gaon (Main Road)"", ""Mhatrewadi / Patilwadi"", ""Chintamani Hotel / Jain Mandir"", ""Kalyan Phata (Datta Mandir)"", ""Kalyan Phata (Dahisar Gaon)"", ""Shil Phata Mahape Road"", ""Shil Nursery"", ""Punjab Puja Hotel"", ""Cidco Water Supply"", ""Khadichi Machine"", ""Bajrang Hotel"", ""Adavali Bhutawali"", ""L&T Company Mahape"", ""Lipi Computers"", ""Mahape Junction"", ""Sarovar Hotel / Mahape Junction"", ""MBP Mahape (Millennium Business Park)"", ""Helan Kelar Institute"", ""Mahape Naka"", ""Ghansoli Station"", ""Standard Alkali Company"", ""Ghansoli Naka"", ""Talavali Naka / Nocil Company"", ""Gothivali Village / Telephone Exchange"", ""Rabale Station"", ""Rabale Naka"", ""Rabale Police Station"", ""Siemens Company"", ""Bharat Bijlee Airoli"", ""Airoli Station"", ""Minds Space"", ""Airoli Naka"", ""Reliable Plaza"", ""M.S.E.B Digha"", ""Digha Village""]"
114 EL.AC,World Trade Centre → Ghansoli Depot,"[""World Trade Centre"", ""Maker Tower"", ""Gd Somani School"", ""Hotel President (Cuffe Parade)"", ""Cuffe Parade Machhimar Nagar"", ""Badhwar Park Machhimar Nagar"", ""Veej Bhavan / Electric House"", ""Yashwantrao Chavan Pratishthan"", ""Mantralaya / L.I.C"", ""Mantralaya"", ""Mantralaya (Golden Gate)"", ""Dr.Ambedkar Statue (Churchgate)"", ""Hutatma Chowk / Mumbai University"", ""Hutatma Chowk"", ""Khadi Bhandar"", ""Chhatrapati Shivaji Maharaj Terminus (C.S.M.T.)"", ""Chhatrapati Shivaji Maharaj Terminus (G.P.O.)"", ""Chhatrapati Shivaji Maharaj Terminus"", ""Railway Accident Court"", ""Fire Brigade (P.D Mello Road)"", ""Carnac Bunder"", ""Loha Bhavan"", ""Princess Dock"", ""Wadi Bunder"", ""Deonar Depot"", ""Punjab Wadi (Deonar)"", ""Telecom Factory"", ""Raj Kapoor Chowk | Anushakti Nagar"", ""Agarwadi (Mankhurd)"", ""Mankhurd Station (N)"", ""Maharashtra Nagar (Mankhurd)"", ""Mankhurd Octroi Naka"", ""Khadi Pul / Toll Naka"", ""Vashi Village"", ""Vashi Sector 17 / Apna Bazar"", ""Navratna Hotel Vashi"", ""Vashi Bus Station"", ""Vashi Sector 9/16"", ""Navi Mumbai Bank (Vashi Sector 10/15)"", ""Vashi Sector 10/15"", ""Mahatma Gandhi Complex (Juhu Nagar)"", ""Juhu Village Sector 14"", ""Vashi Sector 29"", ""Mega Mart / O.E.S International School"", ""Bonkode Village / Kalash Udyan"", ""R.F Naik School"", ""Koparkhairane Sector 7/15 (Shubham Palace)"", ""Teen Taaki"", ""Koparkhairane Bus Station"", ""Ranjan Devi Chowk"", ""Kopar Khairane Sector 2/20"", ""Terna Engineering College"", ""Terna College"", ""Ghansoli Dargah"", ""Ghansoli Railway Station (W)"", ""Panchavati"", ""Siddheshwar Society"", ""Ghansoli Gharonda"", ""Rajiv Gandhi College"", ""Bhoomi Oscar Chowk"", ""Megh Malhar Society"", ""Cloud 36 Society"", ""Atlantis Society"", ""Ghansoli Depot""]"
55 E.AC,Pethali Gaon (Taloja Phase 1) → Ghansoli Depot,"[""Pethali Gaon (Taloja Phase 1)"", ""Kamdhenu Society"", ""Narayan Residency"", ""Panchanand Heights"", ""Royal Residency"", ""Railway Crossing Taloja"", ""Taloja Highway"", ""Taloja Gaon | RAF Camp"", ""Papadicha Pada"", ""Parshi Pada"", ""Gokuldham Developers"", ""Bank Of India Sector 35 Kharghar"", ""Sector 35 Circle"", ""Kharghar Sector 35 (Manjiri Paradise) Bharatmata Chowk"", ""Ove Gaon (C.I.S.F)"", ""Sai Satsang"", ""Empyrean School"", ""Ove Camp"", ""Tata Cancer Hospital"", ""Gurudwara"", ""Central Park / Pandav Kada"", ""Hare Krishna Mandir"", ""Jesus Saint Merry School"", ""Tulsi Gagan Society"", ""A.P.J.School"", ""Shilp Chowk"", ""Raghunath Vihar"", ""Kharghar Gram Panchayat Office"", ""Gharkul Corner"", ""Nagari Arogya Kendra Kharghar"", ""Kendriya Vihar Sector No.12 / Navrang Hotel"", ""Kendriya Vihar"", ""Canara Bank"", ""Bal Bharati Vidyalaya"", ""Yerla Arogya Kendra"", ""Kharghar Subway"", ""Bharati Vidyapeeth Belapur"", ""Reserve Bank Colony (Belapur)"", ""Sector 7"", ""Vivekanand Nagar (Sector 5)"", ""CBD Belapur Bus Station"", ""CBD Fire Brigade Station"", ""CIDCO Bhavan (Konkan Bhavan)"", ""Belapur Station"", ""CIDCO Bhavan (Konkan Bhavan)"", ""CBD Belapur Highway / Konkan Bhavan"", ""Uran Phata"", ""S.B.I Colony / Tata Press"", ""Dr D.Y Patil Stadium (Nerul)"", ""Nerul Naka"", ""Shirvane Village"", ""Juinagar Station (Herdilla Co.)"", ""Sanpada Police Station"", ""Turbhe Naka (Janta Market)"", ""Turbhe Railway Bridge"", ""I.C.L School (Vashi)"", ""A.P.M.C Market (Vashi)"", ""Kanda Batata Market"", ""Saint Lawrence High School (Vashi)"", ""Vashi Bus Station"", ""Vashi Sector 9/16"", ""Navi Mumbai Bank (Vashi Sector 10/15)"", ""Vashi Sector 10/15"", ""Mahatma Gandhi Complex (Juhu Nagar)"", ""Juhu Village Sector 14"", ""Vashi Sector 29"", ""Mega Mart / O.E.S International School"", ""Bonkode Village / Kalash Udyan"", ""R.F Naik School"", ""Koparkhairane Sector 7/15 (Shubham Palace)"", ""Koparkhairane Bus Station"", ""Ranjan Devi Chowk"", ""Kopar Khairane Sector 2/20"", ""Sant Rajinder Singh Ashram"", ""Sector 3 Water Tank"", ""Panchavati"", ""Siddheshwar Society"", ""Ghansoli Gharonda"", ""Rajiv Gandhi College"", ""Bhoomi Oscar Chowk"", ""Megh Malhar Society"", ""Cloud 36 Society"", ""Atlantis Society"", ""Ghansoli Depot""]"
10,Sanpada Station → Ghansoli Depot,"[""Sanpada Station"", ""Mafco Market Sanpada"", ""A.P.M.C Fruit & Vegetables Market"", ""Mathadi Bhavan"", ""Mathadi Bhavan / Commodity Exchange"", ""State Bank / Saurashtra Bank"", ""Dana Bazar Gate No.2"", ""R.T.O Office Sector 26"", ""Sector 26 Vashi"", ""Navi Mumbai Vidyalaya"", ""Sai Siddhi Apartments"", ""Kopri Talav / Panyachi Taki"", ""Shwan Niyantran Kaksha"", ""Balaji Garden"", ""Samata Nagar Sevasangh Sector 11"", ""R.F Naik School"", ""Koparkhairane Sector 7/15 (Shubham Palace)"", ""Koparkhairane Bus Station"", ""Ranjan Devi Chowk"", ""Kopar Khairane Sector 2/20"", ""Sant Rajinder Singh Ashram"", ""Navi Mumbai Co.Op.Bank"", ""Ghansoli Dargah"", ""Ghansoli Railway Station (W)"", ""Panchavati"", ""Siddheshwar Society"", ""Ghansoli Gharonda"", ""Rajiv Gandhi College"", ""Bhoomi Oscar Chowk"", ""Megh Malhar Society"", ""Cloud 36 Society"", ""Atlantis Society"", ""Ghansoli Depot""]"
61 V.AC,Kalyan Bail Bazar Chowk → Belapur Station,"[""Kalyan Bail Bazar Chowk"", ""Raheja Complex Phool Market"", ""Patri Pul Kalyan"", ""Metro Mall Junction"", ""Netvali"", ""Suchak Naka"", ""Tata Power / Tisavali Naka"", ""Monark"", ""Pandurang Wadi"", ""Goalavali Gaon"", ""Vicco Naka"", ""Dawadi Naka"", ""Nekni Pada"", ""Dombivali Nagari Sahakari Bank"", ""Sonar Pada"", ""Sonarpada"", ""Pimpleshwar Temple"", ""Mangaon"", ""Manpada Gaon"", ""Premier Company"", ""Pipeline Kole Gaon"", ""Katai Junction / Naka"", ""Katai Gaon"", ""Lodha Complex"", ""Khidkali"", ""Khidkali Mandir"", ""Padale Gaon (Main Road)"", ""Mhatrewadi / Patilwadi"", ""Chintamani Hotel / Jain Mandir"", ""Kalyan Phata (Datta Mandir)"", ""Kalyan Phata (Dahisar Gaon)"", ""Shil Phata Mahape Road"", ""Shil Nursery"", ""Punjab Puja Hotel"", ""Cidco Water Supply"", ""Khadichi Machine"", ""Bajrang Hotel"", ""Adavali Bhutawali"", ""L&T Company Mahape"", ""Lipi Computers"", ""Mahape Junction"", ""Mahape Gaon"", ""Nelco"", ""Ramnath Solar"", ""Pavan Industries"", ""Krishna Steel"", ""Hayko"", ""Shalimar"", ""Sunravi Printers"", ""Bagade Engineers"", ""Indira Nagar"", ""Lubrizol Company | Indiranagar"", ""Dambar Plant"", ""Turbhe Naka"", ""Turbhe Naka (Janta Market)"", ""Sanpada Police Station"", ""Juinagar Station (Herdilla Co.)"", ""Shirvane Village"", ""Nerul Naka"", ""Dr D.Y Patil Stadium (Nerul)"", ""S.B.I Colony / Tata Press"", ""Uran Phata"", ""CIDCO Bhavan (Konkan Bhavan)"", ""Belapur Station""]"
11,Vashi Station → Thane,"[""Vashi Station"", ""Center One Mall (Vashi)"", ""Vashi Sector 17 / Apna Bazar"", ""Navratna Hotel Vashi"", ""Vashi Bus Station"", ""Saint Lawrence High School (Vashi)"", ""Kanda Batata Market"", ""A.P.M.C Market (Vashi)"", ""Mafco Market Sanpada"", ""Sanpada Station"", ""Sanpada Highway"", ""Turbhe Village"", ""Turbhe Naka (Flyover End)"", ""Turbhe Naka"", ""Dambar Plant"", ""Lubrizol Company | Indiranagar"", ""Indira Nagar"", ""Bagade Engineers"", ""Sunravi Printers"", ""Shalimar"", ""Hayko"", ""Krishna Steel"", ""Pawan Industries"", ""Ramnath Solar"", ""Nelco Mahape"", ""Mahape Gaon"", ""Mahape Junction"", ""Sarovar Hotel / Mahape Junction"", ""Sarovar Hotel/Mahanagar Gas"", ""Hardiliya Company / Koramandal"", ""Gavli Dev"", ""Alfa Laval"", ""Sai Prasad Hotel"", ""Golden Garage"", ""Anthony Garage"", ""Shyamvik Glass Factory"", ""Bhim Nagar"", ""Rabale Naka"", ""Rabale Police Station"", ""Siemens Company"", ""Bharat Bijlee Airoli"", ""Airoli Station"", ""Minds Space"", ""Airoli Naka"", ""Reliable Plaza"", ""M.S.E.B Digha"", ""Digha Village"", ""Ganesh Nagar"", ""Mukund Company Bridge"", ""Ganpati Pada (Vitava Naka)"", ""Vitava Naka"", ""Vitava Village"", ""Chhatrapati Shivaji Maharaj Hospital Kalwa"", ""Kalwa Naka"", ""Court Naka (Kanhaji Angre Chowk)"", ""Mahagiri Koliwada"", ""Dadoji Konddev Stadium"", ""Thane""]"
50,Panvel Station (W) → Ghansoli Depot,"[""Panvel Station (W)"", ""Panvel Bus Station / Shivajinagar"", ""Orion Mall Panvel"", ""New Panvel Bridge"", ""Amardham / C.K.T College"", ""Thane Naka / Garden Hotel"", ""Khanda Gaon Colony"", ""Khanda Gaon Netrajyot Hospital"", ""Asudgaon Depot Highway"", ""Kalamboli Circle | MGM Hospital"", ""Kalamboli Colony"", ""Kamothe Village | K.L.E College"", ""Kamothe Phata"", ""Taloja Phata"", ""Spageti Gharkul"", ""Kopra Gaon"", ""Hiranandani Highway Kharghar"", ""Kharghar Railway Station"", ""CBD Belapur Highway / Konkan Bhavan"", ""Uran Phata"", ""S.B.I Colony / Tata Press"", ""Dr D.Y Patil Stadium (Nerul)"", ""Nerul Naka"", ""Shirvane Village"", ""Juinagar Station (Herdilla Co.)"", ""Sanpada Police Station"", ""Turbhe Naka (Janta Market)"", ""Turbhe Railway Bridge"", ""I.C.L School (Vashi)"", ""A.P.M.C Market (Vashi)"", ""Kanda Batata Market"", ""Saint Lawrence High School (Vashi)"", ""Vashi Bus Station"", ""Vashi Sector 9/16"", ""Navi Mumbai Bank (Vashi Sector 10/15)"", ""Vashi Sector 10/15"", ""Mahatma Gandhi Complex (Juhu Nagar)"", ""Juhu Village Sector 14"", ""Vashi Sector 29"", ""Mega Mart / O.E.S International School"", ""Bonkode Village / Kalash Udyan"", ""R.F Naik School"", ""Koparkhairane Sector 7/15 (Shubham Palace)"", ""Teen Taaki"", ""Koparkhairane Bus Station"", ""Koparkhairane Bus Station"", ""Ranjan Devi Chowk"", ""Kopar Khairane Sector 2/20"", ""Terna Engineering College"", ""Terna College"", ""Ghansoli Dargah"", ""Ghansoli Railway Station (W)"", ""Panchavati"", ""Siddheshwar Society"", ""Rajiv Gandhi College"", ""Ghansoli Gharonda"", ""Rajiv Gandhi College"", ""Bhoomi Oscar Chowk"", ""Cloud 36 Society"", ""Atlantis Society"", ""Ghansoli Depot""]"
16 E.AC,Nhave Gaon → Belapur Railway Station,"[""Nhave Gaon"", ""Ward No.3 Nhava"", ""T.S Rahaman Campus"", ""Madhala Pada"", ""Uttarpada"", ""Mhaseshwar Mandir"", ""Shivdi Nhavasheva Pul"", ""Shivajinagar Maidan Shivdi"", ""Shivajinagar Shivdi"", ""Kamdhenu Oaklands"", ""Delta Tower Sector 8"", ""Prabhat Heights"", ""Kasturi Heritage"", ""Om Sai Srushti Sector 17"", ""Adinath Society Sector 17"", ""Tejas Height Society Sector 17"", ""Ulwe Node Sector 17"", ""Shelghar"", ""Kharkopar Station"", ""Shelghar"", ""Ulwe Node Sector 17"", ""Tejas Height Society Sector 17"", ""Adinath Society Sector 17"", ""Om Sai Srushti Sector 17"", ""Kasturi Heritage"", ""Prabhat Heights"", ""Delta Tower Sector 8"", ""Bhagvati Group Sector 9"", ""Bamandongri Station (W)"", ""N.M Sez / Morave Junction"", ""Moreshwar Heritage"", ""Nagri Arogya Kendra (Ulwe)"", ""Bamandongri Station (E)"", ""Anand Astha Society Sector 19"", ""Shagun Reality Chowk / Fire Brigade Center"", ""Vahal Sai Mandir"", ""Vahal"", ""Morave Phata"", ""Motha Ulwa Village"", ""Targhar / Kombadbhuje"", ""Reti Bunder Ulwe"", ""Kille Village"", ""Bramha House"", ""C.B.D Court"", ""Akshar Life Tower"", ""Maruti Paradise Sector 15"", ""Mahavir Icon / Amity International School"", ""Sai Sangam Society"", ""Diwale Village"", ""Belapur Station / Central Bank"", ""Raigad Bhavan"", ""Belapur Railway Station""]"
62 E.AC,Vashi Station → Kalyan Bail Bazar Chowk,"[""Vashi Station"", ""Center One Mall (Vashi)"", ""Vashi Sector 17 / Apna Bazar"", ""Navratna Hotel Vashi"", ""Vashi Bus Station"", ""Vashi Sector 9/16"", ""Navi Mumbai Bank (Vashi Sector 10/15)"", ""Vashi Sector 10/15"", ""Mahatma Gandhi Complex (Juhu Nagar)"", ""Juhu Village Sector 14"", ""Vashi Sector 29"", ""Mega Mart / O.E.S International School"", ""Bonkode Village / Kalash Udyan"", ""R.F Naik School"", ""Koparkhairane Sector 7/15 (Shubham Palace)"", ""Koparkhairane Bus Station"", ""Ranjan Devi Chowk"", ""Kopar Khairane Sector 2/20"", ""Terna Engineering College"", ""Helan Kelar Institute"", ""MBP Mahape"", ""Sarovar Hotel / Mahape Junction"", ""Mahape Junction"", ""Lipi Computers"", ""L&T Company Mahape"", ""Adavali Bhutawali"", ""Bajrang Hotel"", ""Khadichi Machine"", ""Cidco Water Supply"", ""Punjab Puja Hotel"", ""Shil Nursery"", ""Shil Phata Mahape Road"", ""Kalyan Phata (Dahisar Gaon)"", ""Kalyan Phata (Datta Mandir)"", ""Chintamani Hotel / Jain Mandir"", ""Mhatrewadi / Patilwadi"", ""Padale Gaon (Main Road)"", ""Khidkali Mandir"", ""Khidkali"", ""Lodha Complex"", ""Katai Gaon"", ""Badlapur Junction"", ""Pipeline Kole Gaon"", ""Premier Company"", ""Manpada Gaon"", ""Mangaon"", ""Pimpleshwar Temple"", ""Sonarpada"", ""Chaughule Vidyalay / G.R. Patil College"", ""Dombivali Nagari Sahakari Bank"", ""Nekni Pada"", ""Dawadi Naka"", ""Vicco Naka"", ""Goalavali Gaon"", ""Pandurang Wadi"", ""Monark"", ""Tata Power / Tisavali Naka"", ""Suchak Naka"", ""Netvali"", ""Metro Mall Junction"", ""Patri Pul Kalyan"", ""Raheja Complex Phool Market"", ""Kalyan Bail Bazar Chowk""]"
100 E.AC,Vashi Station → Lokmanya Nagar (Thane),"[""Vashi Station"", ""Center One Mall (Vashi)"", ""Vashi Sector 17 / Apna Bazar"", ""Navratna Hotel Vashi"", ""Vashi Bus Station"", ""Vashi Sector 9/16"", ""Navi Mumbai Bank (Vashi Sector 10/15)"", ""Vashi Sector 10/15"", ""Mahatma Gandhi Complex (Juhu Nagar)"", ""Juhu Village Sector 14"", ""Vashi Sector 29"", ""Mega Mart / O.E.S International School"", ""Bonkode Village / Kalash Udyan"", ""R.F Naik School"", ""Koparkhairane Sector 7/15 (Shubham Palace)"", ""Koparkhairane Bus Station"", ""Ranjan Devi Chowk"", ""Kopar Khairane Sector 2/20"", ""Terna Engineering College"", ""Helan Kelar Institute"", ""MBP Mahape"", ""MBP Mahape (Millennium Business Park)"", ""Helan Kelar Institute"", ""Mahape Naka"", ""Ghansoli Station"", ""Standard Alkali Company"", ""Ghansoli Naka"", ""Talavali Naka / Nocil Company"", ""Gothivali Village / Telephone Exchange"", ""Rabale Station"", ""Rabale Naka"", ""Rabale Police Station"", ""Siemens Company"", ""Airoli Bus Station"", ""Airoli Sector 4"", ""Sewage Treatment Plant Airoli"", ""Abhyudaya Bank Airoli"", ""Airoli Sector 17"", ""Airoli Sector 16"", ""Airoli Sector 10 (Dr.Babasaheb Ambedkar Bhavan)"", ""Airoli Toll Naka (Mulund-E)"", ""Bhandup Pumping Station (Link Road)"", ""Bhandup Pumping Centre"", ""Mithagar Mhada Colony (Mulund-E)"", ""Chainani Elder Home"", ""Navghar Road"", ""Hanuman Chowk (Mulund)"", ""Hanuman Chowk"", ""Mulund Railway Station (E)"", ""Mulund Railway Station (E)"", ""Municipal Hospital Mulund"", ""Gawanpada (Mulund-E)"", ""Gawanpada (Mulund-E)"", ""Mulund Station (W)"", ""Mulund Railway Station (W)"", ""Dhanvantari Hospital"", ""Sonapur (Mulund-W)"", ""Municipal School"", ""Maharana Pratap Chowk (Mulund Check Naka-W)"", ""Maharana Pratap Chowk (Mulund Check Naka W)"", ""Automatic Company"", ""M.I.D.C."", ""Passport Office Thane"", ""Road Number 16"", ""Telephone Exchange (Wagle)"", ""Wagle Circle"", ""Wagle Circle"", ""Annabhau Sathe Nagar"", ""Dnyan Sarita (Thane)"", ""Indira Nagar (Thane)"", ""Dnyanoday Vidyalaya"", ""Lokmanya Nagar (Thane)""]"
117 EL.AC,Mantralaya / L.I.C → Kharghar Sector 35 Circle,"[""Mantralaya / L.I.C"", ""Mantralaya"", ""Mantralaya (Golden Gate)"", ""Dr.Shyamaprasad Mukherjee Chowk (Museum)"", ""Hutatma Chowk / Mumbai University"", ""Hutatma Chowk"", ""Khadi Bhandar"", ""Chhatrapati Shivaji Maharaj Terminus (G.P.O.)"", ""Fire Brigade (P.D Mello Road)"", ""Carnac Bunder"", ""Loha Bhavan"", ""Wadi Bunder"", ""Sewree Nhavasheva Atal Setu Bridge"", ""K.M 1"", ""K.M 4"", ""K.M 6"", ""K.M 7"", ""K.M 10"", ""K.M 13"", ""Rescue Station (Atal Setu)"", ""K.M 16"", ""Chirle (Gavhan) Atal Setu Toll Plaza"", ""Sai Vibhuti Vajan Kata"", ""Empty Container Yard Jnpt Road"", ""Pushpak Nagar / Maruti Vajan Kata"", ""Mahatma Phule College / Karanjade Phata"", ""Palaspe Phata"", ""Bhingari"", ""I.T.I Panvel / Gandhi Hospital"", ""Panvel Bus Station"", ""Thane Naka / Garden Hotel"", ""Asudgaon Depot Highway"", ""Kamothe Village | K.L.E College"", ""Spageti Gharkul"", ""Utsav Chowk"", ""Kharghar Jalvayu Vihar"", ""Central Park / Pandav Kada"", ""Ove Gaon (C.I.S.F)"", ""Kharghar Sector 35 Circle""]"
42 E.AC,Vashi Station → Dombivali (Shastri Nagar Hospital),"[""Vashi Station"", ""Center One Mall (Vashi)"", ""Vashi Sector 17 / Apna Bazar"", ""Navratna Hotel Vashi"", ""Vashi Bus Station"", ""Saint Lawrence High School (Vashi)"", ""Kanda Batata Market"", ""A.P.M.C Market (Vashi)"", ""A.P.M.C Fruit & Vegetables Market"", ""Mathadi Bhavan"", ""Mathadi Bhavan / Commodity Exchange"", ""State Bank / Saurashtra Bank"", ""Dana Bazar Gate No.2"", ""R.T.O Office Sector 26"", ""Kopri Gaon (Palm Beach Road)"", ""Shwan Niyantran Kaksha (Kopri Gaon)"", ""Shwan Niyantran Kaksha"", ""Balaji Garden"", ""Samata Nagar Sevasangh Sector 11"", ""R.F Naik School"", ""Koparkhairane Sector 7/15 (Shubham Palace)"", ""Koparkhairane Bus Station"", ""Ranjan Devi Chowk"", ""Kopar Khairane Sector 2/20"", ""Terna Engineering College"", ""Helan Kelar Institute"", ""MBP Mahape"", ""Sarovar Hotel / Mahape Junction"", ""Mahape Junction"", ""Lipi Computers"", ""L&T Company Mahape"", ""Adavali Bhutawali"", ""Bajrang Hotel"", ""Khadichi Machine"", ""Cidco Water Supply"", ""Punjab Puja Hotel"", ""Shil Nursery"", ""Shil Phata Mahape Road"", ""Kalyan Phata (Dahisar Gaon)"", ""Kalyan Phata (Datta Mandir)"", ""Chintamani Hotel / Jain Mandir"", ""Mhatrewadi / Patilwadi"", ""Padale Gaon (Main Road)"", ""Khidkali Mandir"", ""Khidkali"", ""Lodha Complex"", ""Katai Gaon"", ""Badlapur Junction"", ""Pipeline Kole Gaon"", ""Premier Company"", ""Manpada Gaon"", ""Mangaon"", ""Pimpleshwar Temple"", ""Sonarpada"", ""Chaughule Vidyalay / G.R. Patil College"", ""Dombivali Nagari Sahakari Bank"", ""Nekni Pada"", ""Dawadi Naka"", ""Vicco Naka"", ""Milap Nagar Corner"", ""Pendharkar College"", ""Aajde Gaon (Gharda Circle)"", ""Shelar Naka"", ""Parasmani Chowk (Tilak Chowk)"", ""Char Phata (Dombivali)"", ""SK Patil Chowk"", ""Tandon Road"", ""SK Patil College (Dombivali)"", ""Ram Nagar"", ""Dombivali (Shastri Nagar Hospital)""]"
59,Usarli Khurd (Nilkanth Vishwa Complex) → Khandeshwar Railway Station,"[""Usarli Khurd (Nilkanth Vishwa Complex)"", ""Gaondevi Mandir Chowk Usarli Khurd"", ""Nimbeshwar Society"", ""Gurukul Society"", ""Vichumbe Gaon"", ""Vichumbe Pul"", ""D.D.Visapute College"", ""Ashok Apartment (Sector-15)"", ""Panvel Railway Station (E)"", ""Abhyudaya Bank Panvel"", ""Bhatiya School"", ""Kalimata Mandir (Sector-13)"", ""Ayyappa Mandir Panvel"", ""Terna Chowk"", ""Sukapur Circle"", ""Shivam Arcade (Sector-8)"", ""Adai Sector-9 (Lake View)"", ""Adai Phata / Suryadarshan Society"", ""Adai Co.Op.Housing Society"", ""Over Bridge Panvel"", ""Sector 8 Petrol Pump"", ""Khanda Colony Signal"", ""Income Tax Office (Khanda Colony)"", ""Motha Khanda Gaon"", ""Khandeshwar Railway Station""]"
83,Thane → Airoli Bus Station,"[""Thane"", ""Dadoji Kondadev Stadium"", ""Mahagiri Koliwada"", ""Court Naka (Kanhaji Angre Chowk)"", ""Kalwa Naka"", ""Chhatrapati Shivaji Maharaj Hospital Kalwa"", ""Vitava Village"", ""Vitava Naka"", ""Ganpati Pada (Vitava Naka)"", ""Patni Company Airoli"", ""Mindspace (Capgemini)"", ""Axis Bank"", ""Neva Garden"", ""Smashan Bhumi Airoli"", ""Airoli Sector 20"", ""Sector 19 Airoli"", ""Ojas Apartment"", ""Gaondevi Maidan / Airoli Gaon"", ""Datta Meghe College"", ""P C Society Madhavi Road"", ""Motiram Shankar Patekar Chowk"", ""Parsik Bank"", ""Modi Hospital"", ""Airoli Station (W)"", ""Airoli Bus Station""]"
60,Vashi Bus Station → Kalyan Bail Bazar Chowk,"[""Vashi Bus Station"", ""Vashi Bus Station"", ""Saint Lawrence High School (Vashi)"", ""Kanda Batata Market"", ""A.P.M.C Market (Vashi)"", ""Mafco Market Sanpada"", ""Sanpada Station"", ""Sanpada Highway"", ""Turbhe Village"", ""Turbhe Naka (Flyover End)"", ""Turbhe Naka"", ""Dambar Plant"", ""Lubrizol Company | Indiranagar"", ""Indira Nagar"", ""Bagade Engineers"", ""Sunravi Printers"", ""Shalimar"", ""Hayko"", ""Krishna Steel"", ""Pawan Industries"", ""Ramnath Solar"", ""Nelco Mahape"", ""Mahape Gaon"", ""Mahape Junction"", ""Lipi Computers"", ""L&T Company Mahape"", ""Adavali Bhutawali"", ""Bajrang Hotel"", ""Khadichi Machine"", ""Cidco Water Supply"", ""Punjab Puja Hotel"", ""Shil Nursery"", ""Shil Phata Mahape Road"", ""Kalyan Phata (Dahisar Gaon)"", ""Kalyan Phata (Datta Mandir)"", ""Chintamani Hotel / Jain Mandir"", ""Mhatrewadi / Patilwadi"", ""Padale Gaon (Main Road)"", ""Khidkali Mandir"", ""Khidkali"", ""Lodha Complex"", ""Katai Gaon"", ""Badlapur Junction"", ""Pipeline Kole Gaon"", ""Premier Company"", ""Manpada Gaon"", ""Mangaon"", ""Pimpleshwar Temple"", ""Sonarpada"", ""Chaughule Vidyalay / G.R. Patil College"", ""Dombivali Nagari Sahakari Bank"", ""Nekni Pada"", ""Dawadi Naka"", ""Vicco Naka"", ""Goalavali Gaon"", ""Pandurang Wadi"", ""Monark"", ""Tata Power / Tisavali Naka"", ""Suchak Naka"", ""Netvali"", ""Metro Mall Junction"", ""Patri Pul Kalyan"", ""Raheja Complex Phool Market"", ""Kalyan Bail Bazar Chowk""]"
30 Jada,Uran → Kalamboli Roadpali (Pallavi Hotel),"[""Uran"", ""ONGC Colony Uran"", ""Teli Pada / Mulakhand"", ""Navin Sheva"", ""Shivrai Chowk (Dronagiri Sector 47)"", ""Riddhi Siddhi (Dronagiri Sector 50)"", ""Nirmal Heights (Dronagiri Sector 51)"", ""MSEB Gas Tarmaine"", ""Bharat Petrolium Company"", ""Hind Turminals Company"", ""Bhendkhal Gaon"", ""Balmer Lawrie"", ""Pratap Pada Bhendkhal"", ""Navghar Pada Circle"", ""Funde College"", ""Town Ship Colony J.N.P.T"", ""Navghar Phata"", ""Karal Junction"", ""J.N.P.T SEZ"", ""Dastan Phata"", ""Jasai Village"", ""Chirner Phata / Chirle Phata"", ""Shankar Mandir (Jasai)"", ""Shirke Company"", ""Marine Box Care"", ""Gavhan Phata"", ""Vahal Sai Mandir"", ""Vahal"", ""Morave Phata"", ""Motha Ulwa Village"", ""Targhar / Kombadbhuje"", ""Reti Bunder Ulwe Road"", ""Kille Village / NMMC Head Office"", ""Bramha House"", ""Sai Sangam Society"", ""Diwale Village"", ""Central Bank | Belapur Station"", ""Raigad Bhavan"", ""Belapur Station"", ""CIDCO Bhavan (Konkan Bhavan)"", ""CBD Belapur Highway / Konkan Bhavan"", ""Kharghar Railway Station"", ""Hiranandani Highway Kharghar"", ""Kopra Gaon"", ""Spageti Gharkul"", ""Taloja Phata"", ""Sion - Panvel Highway Toll Plaza"", ""Kamothe Phata"", ""Kamothe Village | K.L.E College"", ""Kalamboli Colony"", ""Expressway / MC Donald's Kalamboli"", ""Kalamboli Circle | MGM Hospital"", ""Kalamboli Gaon"", ""Fire Brigade Kalamboli / Abhyudaya Bank"", ""Kalamboli Bus Station"", ""Church / ST Sub Station"", ""State Bank Of India Kalamboli"", ""Power House (Kalamboli)"", ""Infinot House"", ""Water Tank Kalamboli"", ""Roadpali (Kalamboli)"", ""Kalamboli Roadpali (Pallavi Hotel)""]"
84 V.AC,Vashi Station → Mumbra Dattawadi,"[""Vashi Station"", ""Center One Mall (Vashi)"", ""Vashi Sector 17 / Apna Bazar"", ""Navratna Hotel Vashi"", ""Vashi Bus Station"", ""Vashi Sector 9/16"", ""Navi Mumbai Bank (Vashi Sector 10/15)"", ""Vashi Sector 10/15"", ""Mahatma Gandhi Complex (Juhu Nagar)"", ""Juhu Village Sector 14"", ""Vashi Sector 29"", ""Mega Mart / O.E.S International School"", ""Bonkode Village / Kalash Udyan"", ""R.F Naik School"", ""Koparkhairane Sector 7/15 (Shubham Palace)"", ""Koparkhairane Bus Station"", ""Ranjan Devi Chowk"", ""Kopar Khairane Sector 2/20"", ""Terna Engineering College"", ""Helan Kelar Institute"", ""Sarovar Hotel / Mahape Junction"", ""Mahape Junction"", ""Lipi Computers"", ""L&T Company Mahape"", ""Adavali Bhutawali"", ""Bajrang Hotel"", ""Khadichi Machine"", ""Cidco Water Supply"", ""Punjab Puja Hotel"", ""Shil Nursery"", ""Shil Phata Mahape Road"", ""Shil Phata Mumbra Road"", ""Kalsekar"", ""Bharat Gears (Mumbra)"", ""Millenium Hospital (Kousa)"", ""Shimla Park"", ""Kousa Jama Masjid"", ""Kousa Gaon"", ""Almos Colony (Kousa)"", ""Nashimat Colony"", ""Kismat Colony"", ""Amrut Nagar (Mumbra)"", ""Shankar Mandir Mumbra"", ""Shivsena Office (Mumbra)"", ""Mumbra Police Station"", ""Lalit Clinic"", ""Mumbra Prabhat Office"", ""Mumbra Railway Station"", ""Mumbra Dattawadi""]"
65 V.AC,Kalyan Bail Bazar Chowk → Airoli Bus Station,"[""Kalyan Bail Bazar Chowk"", ""Raheja Complex Phool Market"", ""Patri Pul Kalyan"", ""Metro Mall Junction"", ""Netvali"", ""Suchak Naka"", ""Tata Power / Tisavali Naka"", ""Monark"", ""Pandurang Wadi"", ""Goalavali Gaon"", ""Vicco Naka"", ""Dawadi Naka"", ""Nekni Pada"", ""Dombivali Nagari Sahakari Bank"", ""Sonar Pada"", ""Sonarpada"", ""Pimpleshwar Temple"", ""Mangaon"", ""Manpada Gaon"", ""Premier Company"", ""Pipeline Kole Gaon"", ""Katai Junction / Naka"", ""Katai Gaon"", ""Lodha Complex"", ""Khidkali"", ""Khidkali Mandir"", ""Padale Gaon (Main Road)"", ""Mhatrewadi / Patilwadi"", ""Chintamani Hotel / Jain Mandir"", ""Kalyan Phata (Datta Mandir)"", ""Kalyan Phata (Dahisar Gaon)"", ""Shil Phata Mahape Road"", ""Shil Nursery"", ""Punjab Puja Hotel"", ""Cidco Water Supply"", ""Khadichi Machine"", ""Bajrang Hotel"", ""Adavali Bhutawali"", ""L&T Company Mahape"", ""Lipi Computers"", ""Mahape Junction"", ""Sarovar Hotel / Mahape Junction"", ""Sarovar Hotel/Mahanagar Gas"", ""Hardiliya Company / Koramandal"", ""Gavli Dev"", ""Alfa Laval"", ""Sai Prasad Hotel"", ""Golden Garage"", ""Anthony Garage"", ""Shyamvik Glass Factory"", ""Bhim Nagar"", ""Rabale Naka"", ""Rabale Police Station"", ""Siemens Company"", ""Airoli Bus Station""]"
82 E.AC,Vashi Railway Station → Diva Station,"[""Vashi Railway Station"", ""Y B Chavan Marg Junction / Center One"", ""Vashi Sector 17 / Apna Bazar"", ""Navratna Hotel Vashi"", ""Vashi Bus Station"", ""Saint Lawrence High School (Vashi)"", ""Kanda Batata Market"", ""A.P.M.C Market (Vashi)"", ""I.C.L School (Vashi)"", ""Turbhe Naka"", ""Dambar Plant"", ""Lubrizol Company | Indiranagar"", ""Indira Nagar"", ""Bagade Engineers"", ""Sunravi Printers"", ""Shalimar"", ""Hayko"", ""Krishna Steel"", ""Pawan Industries"", ""Ramnath Solar"", ""Nelco Mahape"", ""Mahape Gaon"", ""Mahape Junction"", ""Lipi Computers"", ""L&T Company Mahape"", ""Adavali Bhutawali"", ""Bajrang Hotel"", ""Khadichi Machine"", ""Cidco Water Supply"", ""Punjab Puja Hotel"", ""Shil Nursery"", ""Shil Phata Mahape Road"", ""Talav"", ""Shil Gaon"", ""Phadke Tantra Niketan"", ""Ladhi Company"", ""Chandicha Pada"", ""Khardi Gaon"", ""Sudama Regency"", ""National School Diva"", ""Diva Station""]"
58,Khopoli → Belapur Station,"[""Khopoli"", ""Union Bank Of India (Khopoli)"", ""Mogalwadi"", ""Wellwisher Town | Goodluck"", ""Alta Laboratories Limited Khopoli"", ""Bhairavi Mangal Karyalaya"", ""ST Stand Khopoli"", ""Chinchavali Phata"", ""Shedavali Gaon"", ""Hal Gaon"", ""Hal Khurd Gaon"", ""Mahad Phata"", ""Bhagyashree Hotel"", ""Ghodivali Phata"", ""Khalapur Phata"", ""Khalapur"", ""Madhav Baug"", ""Hotel Rinky (Petrol Pump)"", ""Kalote Gaon"", ""Poonam Garden"", ""Vinhegaon"", ""Padmavati Petrol Pump (Kamal Hotel)"", ""Vavandhal (Koyna Residency)"", ""Vavandhalwadi"", ""Karjat Phata"", ""Chowk City"", ""Chowk Railway Station"", ""Chowk Naka"", ""Nadal"", ""Varosewadi"", ""Lodhivali"", ""Dand Phata"", ""M.J.P.Office"", ""Bhokarpada"", ""Samtanagar (Barvai Gaon)"", ""Bavrai Gaon"", ""Poyanje / Khanavale Phata"", ""Thobrewadi (Godrej City)"", ""Bhingarwadi"", ""Shedung"", ""Anjivali"", ""Raigad Petrol Pump Ajivali"", ""Kon Gaon"", ""Chikhale Gaon"", ""Derivali"", ""Kolkhe Gaon"", ""Hotel Rahul Park"", ""Palaspe Phata"", ""O.N.G.C.Kalundre"", ""Bhingari"", ""Panchmukhi Hanuman Mandir"", ""National Residency"", ""Takka Gaon Chowk"", ""Panvel Station Chowk"", ""Panvel Bus Station / Shivajinagar"", ""Orion Mall Panvel"", ""New Panvel Bridge"", ""Amardham / C.K.T College"", ""Thane Naka / Garden Hotel"", ""Khanda Gaon Colony"", ""Khanda Gaon Netrajyot Hospital"", ""Asudgaon Depot Highway"", ""Kalamboli Circle | MGM Hospital"", ""Kalamboli Colony"", ""Kamothe Village | K.L.E College"", ""Kamothe Phata"", ""Taloja Phata"", ""Spageti Gharkul"", ""Kopra Gaon"", ""Hiranandani Highway Kharghar"", ""Kharghar Railway Station"", ""CIDCO Bhavan (Konkan Bhavan)"", ""Belapur Station""]"
46,Vashi Station → Badlapur,"[""Vashi Station"", ""Center One Mall (Vashi)"", ""Vashi Highway"", ""Maharashtra State Co-Operative Bank"", ""Sanpada Station"", ""Sanpada Highway"", ""Turbhe Village"", ""Turbhe Naka (Flyover End)"", ""Turbhe Naka"", ""Dambar Plant"", ""Lubrizol Company | Indiranagar"", ""Indira Nagar"", ""Bagade Engineers"", ""Sunravi Printers"", ""Shalimar"", ""Hayko"", ""Krishna Steel"", ""Pawan Industries"", ""Ramnath Solar"", ""Nelco Mahape"", ""Mahape Gaon"", ""Mahape Junction"", ""Lipi Computers"", ""L&T Company Mahape"", ""Adavali Bhutawali"", ""Bajrang Hotel"", ""Khadichi Machine"", ""Cidco Water Supply"", ""Punjab Puja Hotel"", ""Shil Nursery"", ""Shil Phata Mahape Road"", ""Kalyan Phata (Dahisar Gaon)"", ""Kalyan Phata (Datta Mandir)"", ""Chintamani Hotel / Jain Mandir"", ""Mhatrewadi / Patilwadi"", ""Padale Gaon (Main Road)"", ""Khidkali Mandir"", ""Khidkali"", ""Lodha Complex"", ""Katai Gaon"", ""Badlapur Junction"", ""Kole Village"", ""Hedutane Pada / Samadhan Hotel"", ""Hedutane"", ""Hira Nagar"", ""Umbharli Gaon"", ""Kumbharli Phata"", ""Khoni Gaon"", ""Usatane Phata"", ""Nevali Naka / Pipe Line"", ""Nevali Gaon"", ""Dadar Village"", ""Shanti Prakash Ashram"", ""Pale Village"", ""Rangoli Hotel / Vurdhashram"", ""Anand Nagar"", ""Pritam Hotel"", ""Morivali Mhada Colony"", ""Pipe Line Junction"", ""Power Section"", ""N.M.R.L."", ""Chikhloli Gaon"", ""Camel Convent High School"", ""Hotel Sun & Sand"", ""Belavali Petrol Pump"", ""Katrap Gaon"", ""Ghorpade Chowk"", ""Surya Nagar"", ""Maharana Pratap Chowk (Badlapur)"", ""Apte Wadi"", ""Veer Savarkar Chowk"", ""Badlapur""]"
9 E.AC,Vashi Station → Ghansoli Depot,"[""Vashi Station"", ""Center One Mall (Vashi)"", ""Vashi Sector 17 / Apna Bazar"", ""Navratna Hotel Vashi"", ""Vashi Bus Station"", ""Vashi Sector 9/16"", ""Navi Mumbai Bank (Vashi Sector 10/15)"", ""Vashi Sector 10/15"", ""Mahatma Gandhi Complex (Juhu Nagar)"", ""Juhu Village Sector 14"", ""Vashi Sector 29"", ""Mega Mart / O.E.S International School"", ""Bonkode Village / Kalash Udyan"", ""R.F Naik School"", ""Koparkhairane Sector 7/15 (Shubham Palace)"", ""Koparkhairane Bus Station"", ""Ranjan Devi Chowk"", ""Kopar Khairane Sector 2/20"", ""Terna Engineering College"", ""Terna College"", ""Blossom Cooperative Society"", ""Sector 3 Water Tank"", ""Panchavati"", ""Ghansoli Sector 4"", ""Navi Mumbai City School / Sankalp Vachanalay"", ""Ghansoli Gharonda"", ""Rajiv Gandhi College"", ""Bhoomi Oscar Chowk"", ""Megh Malhar Society"", ""Cloud 36 Society"", ""Atlantis Society"", ""Ghansoli Depot""]"
109,Nahur Station (E) → Digha Village,"[""Nahur Station (E)"", ""Bhandup Village Junction"", ""Cantiener Corporation Of India"", ""Bhandup Pumping Station (Link Road)"", ""Airoli Toll Naka (Mulund-E)"", ""Airoli Sector 10 (Dr.Babasaheb Ambedkar Bhavan)"", ""Airoli Sector 16"", ""Airoli Sector 17"", ""Abhyudaya Bank Airoli"", ""Sewage Treatment Plant Airoli"", ""J.V.M College Airoli"", ""N.H.P School"", ""Swastik Vrindavan Society Sector 19"", ""Airoli Sector 20"", ""Smashan Bhumi Airoli"", ""Neva Garden"", ""Axis Bank"", ""Mindspace (Capgemini)"", ""Patni Company Airoli"", ""Mukund Company Bridge"", ""Ganesh Nagar"", ""Digha Village""]"
49,Karjat ST Stand → Belapur Station,"[""Karjat ST Stand"", ""Swargiya Rajendra Gholap Chowk Karjat"", ""Karjat Railway Station"", ""Vision Glory Society Karjat"", ""Char Rasta Karjat"", ""Shivputra Udyog Karjat"", ""Khind"", ""Bhisegaon"", ""Hal Phata"", ""Khairat"", ""Pali"", ""Vavarle"", ""Borgaon"", ""Vadvihir"", ""Indraprastha / Thakur Estate"", ""Bhilvale Gaon"", ""Morbe Vasahat"", ""N.D.Studio / Adivasi Pada"", ""Karjat Phata"", ""Chowk City"", ""Chowk Railway Station"", ""Chowk Naka"", ""Nadal"", ""Varosewadi"", ""Lodhivali"", ""Dand Phata"", ""M.J.P.Office"", ""Bhokarpada"", ""Samtanagar (Barvai Gaon)"", ""Bavrai Gaon"", ""Poyanje / Khanavale Phata"", ""Thobrewadi (Godrej City)"", ""Bhingarwadi"", ""Shedung"", ""Anjivali"", ""Raigad Petrol Pump Ajivali"", ""Kon Gaon"", ""Chikhale Gaon"", ""Derivali"", ""Kolkhe Gaon"", ""Hotel Rahul Park"", ""Palaspe Phata"", ""O.N.G.C.Kalundre"", ""Bhingari"", ""Panchmukhi Hanuman Mandir"", ""National Residency"", ""Takka Gaon Chowk"", ""Panvel Station Chowk"", ""Panvel Bus Station / Shivajinagar"", ""Orion Mall Panvel"", ""New Panvel Bridge"", ""Amardham / C.K.T College"", ""Thane Naka / Garden Hotel"", ""Khanda Gaon Colony"", ""Khanda Gaon Netrajyot Hospital"", ""Asudgaon Depot Highway"", ""Kalamboli Circle | MGM Hospital"", ""Kalamboli Colony"", ""Kamothe Village | K.L.E College"", ""Kamothe Phata"", ""Taloja Phata"", ""Spageti Gharkul"", ""Kopra Gaon"", ""Hiranandani Highway Kharghar"", ""Kharghar Railway Station"", ""CIDCO Bhavan (Konkan Bhavan)"", ""Belapur Station""]"
7,Vashi Station → Thane,"[""Vashi Station"", ""Center One Mall (Vashi)"", ""Vashi Sector 17 / Apna Bazar"", ""Navratna Hotel Vashi"", ""Vashi Bus Station"", ""Vashi Sector 9/16"", ""Navi Mumbai Bank (Vashi Sector 10/15)"", ""Vashi Sector 10/15"", ""Mahatma Gandhi Complex (Juhu Nagar)"", ""Juhu Village Sector 14"", ""Vashi Sector 29"", ""Mega Mart / O.E.S International School"", ""Bonkode Village / Kalash Udyan"", ""R.F Naik School"", ""Koparkhairane Sector 7/15 (Shubham Palace)"", ""Koparkhairane Bus Station"", ""Ranjan Devi Chowk"", ""Kopar Khairane Sector 2/20"", ""Terna Engineering College"", ""Helan Kelar Institute"", ""MBP Mahape"", ""MBP Mahape (Millennium Business Park)"", ""Helan Kelar Institute"", ""Mahape Naka"", ""Ghansoli Station"", ""Standard Alkali Company"", ""Ghansoli Naka"", ""Talavali Naka / Nocil Company"", ""Gothivali Village / Telephone Exchange"", ""Rabale Station"", ""Rabale Naka"", ""Rabale Police Station"", ""Siemens Company"", ""Airoli Bus Station"", ""Bharat Bijlee Airoli"", ""Airoli Station"", ""Minds Space"", ""Airoli Naka"", ""Reliable Plaza"", ""M.S.E.B Digha"", ""Digha Village"", ""Ganesh Nagar"", ""Mukund Company Bridge"", ""Ganpati Pada (Vitava Naka)"", ""Vitava Naka"", ""Vitava Village"", ""Chhatrapati Shivaji Maharaj Hospital Kalwa"", ""Kalwa Naka"", ""Court Naka (Kanhaji Angre Chowk)"", ""Mahagiri Koliwada"", ""Dadoji Konddev Stadium"", ""Thane""]"
52,Turbhe Depot → Belapur Railway Station,"[""Turbhe Depot"", ""Turbhe Railway Bridge"", ""Turbhe Naka (Janta Market)"", ""Sanpada Police Station"", ""Juinagar Station (Herdilla Co.)"", ""Shirvane Village"", ""Nerul Naka"", ""Dr D.Y Patil Stadium (Nerul)"", ""S.B.I Colony / Tata Press"", ""Uran Phata"", ""Konkan Bhavan"", ""Belapur Railway Station""]"
14 E.AC,Nerul Sector 50 → Dr DY Patil College (Nerul L.P),"[""Nerul Sector 50"", ""Marvel Society (Nerul Sector 50)"", ""Seawoods Darave Station"", ""Seawood Railway Station"", ""Darave Phatak / Sanjay Joshi Chowk"", ""Nerul Gymkhana"", ""Shri Ganesh Cooperative Housing Society"", ""Terna Hospital"", ""Nerul Railway Station (W)"", ""Nerul Village"", ""Vidyaprasark Shikshan Mandal"", ""Kukshet Gaon"", ""Sarsole Bus Station"", ""Sarsole Koliwada"", ""Sarsole Koliwada"", ""Chhatrapati Shivaji Maharaj Chowk Nerul"", ""Chhatrapati Shivaji Maharaj Chowk (Nerul)"", ""Dr DY Patil College (Nerul L.P)""]"
106 EL.AC,World Trade Centre → Panvel Station (W),"[""World Trade Centre"", ""Maker Tower"", ""Gd Somani School"", ""Hotel President (Cuffe Parade)"", ""Cuffe Parade Machhimar Nagar"", ""Badhwar Park Machhimar Nagar"", ""Veej Bhavan / Electric House"", ""Yashwantrao Chavan Pratishthan"", ""Mantralaya"", ""Mantralaya / L.I.C"", ""Mantralaya"", ""Mantralaya (Golden Gate)"", ""Dr.Shyamaprasad Mukherjee Chowk (Museum)"", ""Dr.Shyamaprasad Mukherjee Chowk (Museum)"", ""Hutatma Chowk / Mumbai University"", ""Hutatma Chowk"", ""Khadi Bhandar"", ""Chhatrapati Shivaji Maharaj Terminus (C.S.M.T.)"", ""Chhatrapati Shivaji Maharaj Terminus (G.P.O.)"", ""Chhatrapati Shivaji Maharaj Terminus"", ""Railway Accident Court"", ""Fire Brigade (P.D Mello Road)"", ""Carnac Bunder"", ""Loha Bhavan"", ""Princess Dock"", ""Wadi Bunder"", ""Shantinagar (Wadala)"", ""Adarsh High School (Anik)"", ""Deonar Depot"", ""Punjabwadi"", ""Telecom Factory"", ""Raj Kapoor Chowk / Bhabha Hospital"", ""Agarwadi (Mankhurd)"", ""Mankhurd Station (N)"", ""Maharashtra Nagar (Mankhurd)"", ""Mankhurd Octroi Naka"", ""Khadi Pul / Toll Naka"", ""Vashi Village"", ""Vashi Highway"", ""Maharashtra State Co-Operative Bank"", ""Sanpada Station"", ""Sanpada Highway"", ""Turbhe Village"", ""Sanpada Police Station"", ""Juinagar Station (Herdilla Co.)"", ""Shirvane Village"", ""Nerul Naka"", ""Dr D.Y Patil Stadium (Nerul)"", ""S.B.I Colony / Tata Press"", ""Uran Phata"", ""C.B.D Belapur Highway / Konkan Bhavan"", ""Kharghar Railway Station / Belpada Gaon"", ""Hiranandani Highway Kharghar"", ""Kopra Gaon"", ""Spageti Gharkul"", ""Taloja Phata"", ""Kamothe Phata"", ""Kamothe Village / K.L.E College"", ""Kalamboli Colony"", ""Kalamboli Chowk (M.G.M.Hospital)"", ""Asudgaon Depot Highway"", ""Khanda Gaon Netrajyot Hospital"", ""Khanda Gaon Colony"", ""Thane Naka / Garden Hotel"", ""Amardham / C.K.T College"", ""New Panvel Bridge"", ""Orion Mall Panvel"", ""Panvel Bus Station / Shivajinagar"", ""Panvel Station (W)""]"
24 V.AC (AD),Panvel Station (W) → Asudgaon Depot,"[""Panvel Station (W)"", ""Panvel Bus Station / Shivajinagar"", ""Orion Mall Panvel"", ""New Panvel Bridge"", ""Amardham / C.K.T College"", ""Thane Naka / Garden Hotel"", ""Khanda Gaon Colony"", ""Khanda Gaon Netrajyot Hospital"", ""Asudgaon Depot""]"
43,Taloja Phase 2 → Kharghar Station,"[""Taloja Phase 2"", ""Shirke Colony Taloja"", ""Shirke Colony Taloja"", ""Bilad Hillmark Heights"", ""Metro Bridge Taloja"", ""Ramdev Homes Taloja"", ""S.M.Corner Taloja"", ""Sai Shraddha Developers Pethali"", ""Pethali Gaon (Taloja Phase 1)"", ""Kamdhenu Society"", ""Narayan Residency"", ""Panchanand Heights"", ""Royal Residency"", ""Railway Crossing Taloja"", ""Taloja Highway"", ""Taloja Gaon | RAF Camp"", ""Papadicha Pada"", ""Bageshree Apartment Sector 40"", ""Sector 27 Kharghar"", ""Divya Residency"", ""L.M.Hostel"", ""Sanjivani School"", ""Balaji Residency"", ""Kharghar Multispeciality Hospital"", ""D-Mart Gharkul"", ""D Mart Gharkul"", ""Gharkul Corner"", ""Nagari Arogya Kendra Kharghar"", ""Kendriya Vihar Sector No.12 / Navrang Hotel"", ""Kendriya Vihar"", ""Canara Bank"", ""Bal Bharati Vidyalaya"", ""Yerla Arogya Kendra"", ""Belpada Gaon"", ""Kharghar Subway"", ""Kharghar Station""]"
71,Kalyan Bail Bazar Chowk → Belapur Station,"[""Kalyan Bail Bazar Chowk"", ""Raheja Complex Phool Market"", ""Patri Pul Kalyan"", ""Netvali"", ""Damodar Nagar"", ""LOK Gram"", ""Chakki Naka"", ""Chetana School"", ""Radha Krushna Park"", ""Nandivali"", ""Anmol Garden"", ""Nandivali"", ""Aadavali Stand"", ""Namaskar Dhaba"", ""Dwarli Gaon"", ""Bhal"", ""Nevali Naka / Pipe Line"", ""Usatane Phata"", ""Khoni Gaon"", ""Kumbharli Phata"", ""Palava Project Office / Petrol Pump"", ""Dharmaleshwar Shankar Mandir"", ""A.C.C.Cement Company"", ""Pagdya Pada"", ""Chirad / Pali"", ""Naren Phata"", ""Usatane Gaon"", ""Asis Company"", ""Nagzari Gaon"", ""Nitlas Gaon"", ""Nitlas Phata / Asahi Glass Company"", ""Sakal Bhavan"", ""Tondare Phata"", ""Kingfisher Company"", ""B.E.L.Naka Taloja"", ""T.M.A."", ""Water Tank"", ""Hindalco Company"", ""Rexam Company"", ""Dena Bank"", ""Crown"", ""Pendhar Phata"", ""Petrol Pump Pendhar"", ""Navade Phata"", ""Navade Gaon"", ""Devkrupa Society"", ""Roadpali Ambedkar Nagar"", ""Kalamboli Roadpali (Pallavi Hotel)"", ""Roadpali (Kalamboli)"", ""Cidco Water Tank"", ""Kalamboli Sector 16 Roadpali"", ""Talav Chowk"", ""Balaji Crest Society"", ""Manisha Paradise Society"", ""Police Head Quarter"", ""Kalamboli Police Headquarter"", ""Hyderabad State Bank / Spring Colony"", ""Taloja Phata"", ""Spageti Gharkul"", ""Kopra Gaon"", ""Hiranandani Highway Kharghar"", ""Kharghar Railway Station"", ""CIDCO Bhavan (Konkan Bhavan)"", ""Belapur Station""]"
2,Thane → Airoli Sector No.10,"[""Thane"", ""Dadoji Kondadev Stadium"", ""Court Naka (Kanhaji Angre Chowk)"", ""Kalwa Naka"", ""Chhatrapati Shivaji Maharaj Hospital Kalwa"", ""Vitava Village"", ""Vitava Naka"", ""Ganpati Pada (Vitava Naka)"", ""Mukund Company Bridge"", ""Ganesh Nagar"", ""Digha Village"", ""M.S.E.B Digha"", ""Reliable Plaza"", ""Airoli Naka"", ""Minds Space"", ""Airoli Station"", ""Bharat Bijlee Airoli"", ""Airoli Bus Station"", ""Airoli Sector 4 (Abhang Society)"", ""Airoli Sector 5 / Abhang Society"", ""Sahakar Bazar (Airoli)"", ""Om Mangalmurti Scoiety"", ""Sairaj Society"", ""Swaraj Society"", ""Javli Bank / Apple Hospital"", ""Gurudatta Society Airoli"", ""D Mart Sector 10"", ""Siddhivinayak Mandir Sector 10"", ""Airoli Sector No.10""]"
18 E.AC,Kharkopar Station → Ghansoli Depot,"[""Kharkopar Station"", ""Shelghar"", ""Ulwe Node Sector 17"", ""Tejas Height Society Sector 17"", ""Adinath Society Sector 17"", ""Om Sai Srushti Sector 17"", ""Kasturi Heritage"", ""Prabhat Heights"", ""Delta Tower Sector 8"", ""Bhagvati Group Sector 9"", ""Ulwe Node"", ""Bamandongri Station (W)"", ""N.M Sez / Morave Junction"", ""N.M.Sez / Gomaji Kasturi"", ""Pragati Park"", ""Ganesh Apartment (Ulwe)"", ""Balaji Amrut"", ""Marvel Soham"", ""Integrated I.R.S.Tower - 1 Sector 21"", ""Tricity / Priyanka Utakarsha"", ""Vighnaharta Complex Sector 23"", ""Rediance Gallery / Saraswat Bank Sector 20"", ""Shagun Reality Chowk / Fire Brigade Center"", ""Vahal Sai Mandir"", ""Vahal"", ""Morave Phata"", ""Motha Ulwa Village"", ""Targhar / Kombadbhuje"", ""Reti Bunder Ulwe Road"", ""Kille Village / NMMC Head Office"", ""N.M.M.C Head Office Belapur (Kille Gaon)"", ""Sagar Sangam"", ""N.R.I / Nerul Sector 46 & 48"", ""Akshar Residency"", ""Nerul Sector 48 / Petrol Pump"", ""Sector 42 Bus Station / Gaymukh Chowk"", ""Sector 42 Bus Station / Gaymukh Chowk"", ""Karave Gaon / Smashan Bhumi"", ""Ganesh Maidan"", ""Ganesh Talav Karave Gaon"", ""Kendriya Vihar Sector 38"", ""D Mart / Nerul Sector 42"", ""Seawoods Darave Station"", ""Seawood Railway Station"", ""Darave Phatak / Sanjay Joshi Chowk"", ""Nerul Gymkhana"", ""Shri Ganesh Cooperative Housing Society"", ""Terna Hospital"", ""Nerul Railway Station (W)"", ""Nerul Village"", ""Terna Vidyalaya"", ""Sarsole Bus Station"", ""Sarsole Koliwada"", ""Sarsole Koliwada"", ""Nerul Sector 2"", ""Chincholi Talao (Sector 25)"", ""Juinagar Sector 25"", ""Gaondevi Chowk (Sarsole)"", ""Jui Pada Gaon (Sector 23/24)"", ""Aniruddha Bhavan"", ""Juinagar Station (W)"", ""Sant Nirankari Bhavan"", ""Nathu Joma Patil Chowk"", ""Vivekanand School"", ""Sanpada Police Station"", ""Shamrao Vitthal Bank"", ""Mahatma Phule Auditorium"", ""Maharashtra State Co-Operative Bank"", ""Mathama Phule Sabhagruha"", ""Saint Lawrence High School (Vashi)"", ""Vashi Bus Station"", ""Vashi Sector 9/16"", ""Navi Mumbai Bank (Vashi Sector 10/15)"", ""Vashi Sector 10/15"", ""Mahatma Gandhi Complex (Juhu Nagar)"", ""Juhu Village Sector 14"", ""Vashi Sector 29"", ""Mega Mart / O.E.S International School"", ""Bonkode Village / Kalash Udyan"", ""R.F Naik School"", ""Koparkhairane Sector 7/15 (Shubham Palace)"", ""Teen Taaki"", ""Koparkhairane Bus Station"", ""Koparkhairane Bus Station"", ""Ranjan Devi Chowk"", ""Kopar Khairane Sector 2/20"", ""Terna Engineering College"", ""Terna College"", ""Ghansoli Dargah"", ""Ghansoli Railway Station (W)"", ""Panchavati"", ""Siddheshwar Society"", ""Ghansoli Gharonda"", ""Rajiv Gandhi College"", ""Bhoomi Oscar Chowk"", ""Megh Malhar Society"", ""Cloud 36 Society"", ""Atlantis Society"", ""Ghansoli Depot""]"
75,Sai Nagar → Panvel Station (W),"[""Sai Nagar"", ""Riddhi Siddhi Society"", ""Gurupushpa Society"", ""Talathi Office"", ""Kalan Samaj Mandir"", ""Dargah Naka"", ""Panvel Mahanagar Pailka Office"", ""Valmiki Nagar / Civil Hospital"", ""Panvel Police Station"", ""Sarawat Bank"", ""Thane Naka / Cuff Nagar"", ""Amardham / C.K.T College"", ""New Panvel Bridge"", ""Orion Mall Panvel"", ""Panvel Bus Station / Shivajinagar"", ""Panvel Station (W)""]"
23 E.AC,Kharkopar Railway Station → Artist Colony (Sector 8),"[""Kharkopar Railway Station"", ""Shelghar"", ""Ulwe Node Sector 17"", ""Tejas Height Society Sector 17"", ""Adinath Society Sector 17"", ""Om Sai Srushti Sector 17"", ""Kasturi Heritage"", ""Prabhat Society"", ""Delta Tower Sector 8"", ""Bhagvati Group Sector 9"", ""Bamandongri Railway Station (W)"", ""N.M.Sez / Morave Junction"", ""Moreshwar Heritage"", ""Nagri Arogya Kendra (Ulwe)"", ""Bamandongari Railway Station (E)"", ""Anand Astha Society Sector 19"", ""Shagun Reality Chowk / Fire Brigade Center"", ""Ulwe Node Sector 19"", ""Vahal Sai Mandir / Ulwe Naka"", ""Vahal"", ""Morva Phata"", ""Ulwe Gaon"", ""Targhar"", ""Retibunder Targhar Road"", ""Kille Gaon"", ""Bramha House"", ""Sai Sangam"", ""Diwale Gaon Corner"", ""Agroli Gaon"", ""Belapur Railway Station / Centre Bank Of India"", ""Raigad Bhavan / Kokan Bhavan"", ""Belapur Railway Station"", ""C.I.D.C.O.Bhavan / Konkan Bhavan"", ""C.B.D.Fire Brigade Station"", ""C.B.D.Belapur Bus Station"", ""Cbd Sector 3"", ""Gavaskar Maidan Sec 2/3"", ""Sai Mandir"", ""Sector 8"", ""Apna Bazar"", ""Saint Joseph Church"", ""C.B.D.Sector 8"", ""Artist Colony (Sector 8)""]"
44 E.AC,Dombivali (Shastri Nagar Hospital) → Belapur Railway Station,"[""Dombivali (Shastri Nagar Hospital)"", ""Ram Nagar"", ""SK Patil College (Dombivali)"", ""Tandon Road"", ""SK Patil Chowk"", ""Char Phata (Dombivali)"", ""Parasmani Chowk (Tilak Chowk)"", ""Shelar Naka"", ""Aajde Gaon (Gharda Circle)"", ""Pendharkar College"", ""Milap Nagar Corner"", ""Vicco Naka"", ""Dawadi Naka"", ""Nekni Pada"", ""Dombivali Nagari Sahakari Bank"", ""Sonar Pada"", ""Sonarpada"", ""Pimpleshwar Temple"", ""Mangaon"", ""Manpada Gaon"", ""Premier Company"", ""Pipeline Kole Gaon"", ""Katai Junction / Naka"", ""Katai Gaon"", ""Lodha Complex"", ""Khidkali"", ""Khidkali Mandir"", ""Padale Gaon (Main Road)"", ""Mhatrewadi / Patilwadi"", ""Chintamani Hotel / Jain Mandir"", ""Kalyan Phata (Datta Mandir)"", ""Kalyan Phata (Dahisar Gaon)"", ""Shil Phata Mahape Road"", ""Shil Nursery"", ""Punjab Puja Hotel"", ""Cidco Water Supply"", ""Khadichi Machine"", ""Bajrang Hotel"", ""Adavali Bhutawali"", ""L&T Company Mahape"", ""Lipi Computers"", ""Mahape Junction"", ""Mahape Gaon"", ""Nelco"", ""Ramnath Solar"", ""Pavan Industries"", ""Krishna Steel"", ""Hayko"", ""Shalimar"", ""Sunravi Printers"", ""Bagade Engineers"", ""Indira Nagar"", ""Lubrizol Company | Indiranagar"", ""Dambar Plant"", ""Turbhe Naka"", ""Turbhe Naka (Janta Market)"", ""Sanpada Police Station"", ""Juinagar Station (Herdilla Co.)"", ""Shirvane Village"", ""Nerul Naka"", ""Dr D.Y Patil Stadium (Nerul)"", ""S.B.I Colony / Tata Press"", ""Uran Phata"", ""Konkan Bhavan"", ""Belapur Railway Station""]"
24 V.AC (GD),Thane → Ghansoli Depot,"[""Thane"", ""Chendani Koliwada"", ""Dadoji Kondadev Stadium"", ""Mahagiri Koliwada"", ""Court Naka (Kanhaji Angre Chowk)"", ""Kalwa Naka"", ""Kalwa Depot"", ""Vitava Village"", ""Vitava Naka"", ""Ganpati Pada (Vitava Naka)"", ""Mukund Company Bridge"", ""Ganesh Nagar"", ""Digha Village"", ""M.S.E.B Digha"", ""Reliable Plaza"", ""Airoli Naka"", ""Minds Space"", ""Airoli Station"", ""Bharat Bijlee Airoli"", ""Airoli Bus Station"", ""Siemens Company"", ""Rabale Police Station"", ""Rabale Naka"", ""Rabale Station"", ""Gothivali Village / Telephone Exchange"", ""Talavali Naka / Nocil Company"", ""Ghansoli Naka"", ""Standard Alkali Company"", ""Ghansoli Station"", ""Mahape Naka"", ""Helan Kelar Institute"", ""M.B.P Mahape (Millennium Business Park)"", ""M.B.P Mahape (Millennium Business Park)"", ""Helan Kelar Institute"", ""Terna Engineering College"", ""Sant Rajinder Singh Ashram"", ""Navi Mumbai Co.Op.Bank"", ""Ghansoli Dargah"", ""Ghansoli Railway Station (W)"", ""Panchavati"", ""Siddheshwar Society"", ""Rajiv Gandhi College"", ""Ghansoli Gharonda (Towards Ghansoli Depot)"", ""Rajiv Gandhi College"", ""Bhoomi Oscar Chowk"", ""Megh Malhar Society"", ""Cloud 36 Society"", ""Atlantis Society"", ""Ghansoli Depot""]"
31,Koparkhairane Bus Station → Ghansoli Depot,"[""Koparkhairane Bus Station"", ""Koparkhairane Bus Station"", ""Ranjan Devi Chowk"", ""Kopar Khairane Sector 2/20"", ""Terna Engineering College"", ""Terna College"", ""Ghansoli Dargah"", ""Ghansoli Railway Station (W)"", ""Panchavati"", ""Siddheshwar Society"", ""Rajiv Gandhi College"", ""Ghansoli Gharonda"", ""Rajiv Gandhi College"", ""Bhoomi Oscar Chowk"", ""Megh Malhar Society"", ""Cloud 36 Society"", ""Atlantis Society"", ""Ghansoli Depot""]"
53,Kharghar Valley Shilp Gate No.2 → Kharghar Station,"[""Kharghar Valley Shilp Gate No.2"", ""Kharghar Valley Shilp Gate No.1"", ""Swapnapurti Gate No.2"", ""Swapnapurti Gate No.1 Sector 36"", ""Kutuk Bandhan"", ""Gokuldham Developers"", ""Bank Of India Sector 35 Kharghar"", ""Sector 35 Circle"", ""Pethgaon Sector No.33"", ""Pethpada Metro Station / Ramsheth Thakur College"", ""Sai Developers (Sector 27)"", ""Rajanpada Gaon"", ""Divya Residency"", ""L.M.Hostel"", ""Sanjivani School"", ""Vastu Vihar Kharghar"", ""Spageti Gate No.2"", ""D.A.V.School"", ""Spageti Gate No.4"", ""Spageti / Parijat"", ""Gharkul Society Kharghar"", ""D Mart Gharkul"", ""Gharkul Corner"", ""Nagari Arogya Kendra Kharghar"", ""Kendriya Vihar Sector No.12 / Navrang Hotel"", ""Kendriya Vihar"", ""Canara Bank"", ""Hiranandani Complex Kharghar"", ""Little World"", ""Siemens Ltd."", ""Kharghar Station""]"
4,Vashi Sector 7 Bus Station → Thane,"[""Vashi Sector 7 Bus Station"", ""Vashi Sector 8"", ""Kamgar Hospital"", ""Vashi Sector 4"", ""Vashi Sector 4"", ""Vashi Sector 3 / Gurudwara"", ""Vashi Bus Station"", ""Vashi Bus Station"", ""Vashi Sector 9/16"", ""Navi Mumbai Bank (Vashi Sector 10/15)"", ""Vashi Sector 10/15"", ""Mahatma Gandhi Complex (Juhu Nagar)"", ""Juhu Village Sector 14"", ""Vashi Sector 29"", ""Mega Mart / O.E.S International School"", ""Bonkode Village / Kalash Udyan"", ""R.F Naik School"", ""Indira Gandhi Engineering College"", ""Maldhanisar Kendra / Sector 23"", ""Mata Bal Hospital"", ""Dnyan Vikas School"", ""Jimmy Tower"", ""Koparkhairane Bus Station"", ""Ranjan Devi Chowk"", ""Kopar Khairane Sector 2/20"", ""Terna Engineering College"", ""Helan Kelar Institute"", ""MBP Mahape"", ""MBP Mahape (Millennium Business Park)"", ""Helan Kelar Institute"", ""Mahape Naka"", ""Ghansoli Station"", ""Standard Alkali Company"", ""Ghansoli Naka"", ""Talavali Naka / Nocil Company"", ""Rabale Station"", ""Rabale Naka"", ""Rabale Police Station"", ""Siemens Company"", ""Bharat Bijlee Airoli"", ""Airoli Station"", ""Minds Space"", ""Airoli Naka"", ""Reliable Plaza"", ""M.S.E.B Digha"", ""Digha Village"", ""Ganesh Nagar"", ""Mukund Company Bridge"", ""Ganpati Pada (Vitava Naka)"", ""Vitava Naka"", ""Vitava Village"", ""Chhatrapati Shivaji Maharaj Hospital Kalwa"", ""Kalwa Naka"", ""Court Naka (Kanhaji Angre Chowk)"", ""Mahagiri Koliwada"", ""Dadoji Konddev Stadium"", ""Thane""]"
13,Samant Vidyalaya Sanpada → Bonsari Gaon,"[""Samant Vidyalaya Sanpada"", ""Turbhe Village Road"", ""Turbhe Gaon (B.O.I.Road)"", ""Sanpada Highway"", ""Sanpada Station"", ""Sanpada Highway"", ""Turbhe Village"", ""Turbhe Naka (Flyover End)"", ""Turbhe Naka"", ""Dambar Plant"", ""Lubrizol Company | Indiranagar"", ""Indiranagar"", ""Manjulabai Patil Chowk (A.V.L.Chowk)"", ""Jay Mata Di Vajan Kata"", ""Kelan Enterprises"", ""Bonsari Gaon""]"
8,Vashi Station → Thane,"[""Vashi Station"", ""Center One Mall (Vashi)"", ""Vashi Sector 17 / Apna Bazar"", ""Navratna Hotel Vashi"", ""Vashi Bus Station"", ""Vashi Sector 9/16"", ""Navi Mumbai Bank (Vashi Sector 10/15)"", ""Vashi Sector 10/15"", ""Mahatma Gandhi Complex (Juhu Nagar)"", ""Juhu Village Sector 14"", ""Vashi Sector 29"", ""Mega Mart / O.E.S International School"", ""Bonkode Village / Kalash Udyan"", ""R.F Naik School"", ""Indira Gandhi Engineering College"", ""Maldhanisar Kendra / Sector 23"", ""Mata Bal Hospital"", ""Dnyan Vikas School"", ""Jimmy Tower"", ""Koparkhairane Bus Station"", ""Ranjan Devi Chowk"", ""Kopar Khairane Sector 2/20"", ""Terna Engineering College"", ""Terna College"", ""Ghansoli Dargah"", ""Ghansoli Railway Station (W)"", ""Santoshi Mata Mandir"", ""Ghansoli Sector 6 / Gharonda"", ""Ghansoli School"", ""Samarth Nagar / Ashirwad Hospital"", ""Ghansoli Village"", ""Samarth Nagar / Ashirwad Hospital"", ""Ghansoli School"", ""Talavali Naka / Nocil Company"", ""Talavali Gaon Char Phata"", ""Rabale Station (W) / Gothivali Gaon"", ""Rabale Gaon"", ""St.Xaviers School"", ""Om Mangalmurti Scoiety"", ""Sahakar Bazar (Airoli)"", ""Airoli Sector 5 / Abhang Society"", ""Airoli Sector 4 (Abhang Society)"", ""Airoli Bus Station"", ""Bharat Bijlee Airoli"", ""Airoli Station"", ""Minds Space"", ""Airoli Naka"", ""Reliable Plaza"", ""M.S.E.B Digha"", ""Digha Village"", ""Ganesh Nagar"", ""Mukund Company Bridge"", ""Ganpati Pada (Vitava Naka)"", ""Vitava Naka"", ""Vitava Village"", ""Chhatrapati Shivaji Maharaj Hospital Kalwa"", ""Kalwa Naka"", ""Court Naka (Kanhaji Angre Chowk)"", ""Mahagiri Koliwada"", ""Dadoji Konddev Stadium"", ""Thane""]"
108 EL.AC,World Trade Centre → Nerul Sector 46/48,"[""World Trade Centre"", ""Maker Tower"", ""Gd Somani School"", ""Hotel President (Cuffe Parade)"", ""Cuffe Parade Machhimar Nagar"", ""Badhwar Park Machhimar Nagar"", ""Veej Bhavan / Electric House"", ""Yashwantrao Chavan Pratishthan"", ""Mantralaya / L.I.C"", ""Mantralaya"", ""Dr.Ambedkar Statue (Churchgate)"", ""Hutatma Chowk / Mumbai University"", ""Hutatma Chowk"", ""Khadi Bhandar"", ""Chhatrapati Shivaji Maharaj Terminus (C.S.M.T.)"", ""Chhatrapati Shivaji Maharaj Terminus (G.P.O.)"", ""Chhatrapati Shivaji Maharaj Terminus"", ""Railway Accident Court"", ""Fire Brigade (P.D Mello Road)"", ""Carnac Bunder"", ""Loha Bhavan"", ""Princess Dock"", ""Wadi Bunder"", ""Deonar Depot"", ""Punjab Wadi (Deonar)"", ""Telecom Factory"", ""Raj Kapoor Chowk | Anushakti Nagar"", ""Agarwadi (Mankhurd)"", ""Mankhurd Station (N)"", ""Maharashtra Nagar (Mankhurd)"", ""Mankhurd Octroi Naka"", ""Khadi Pul / Toll Naka"", ""Vashi Village"", ""Vashi Sector 17 / Apna Bazar"", ""Navratna Hotel Vashi"", ""Vashi Bus Station"", ""Saint Lawrence High School (Vashi)"", ""Kanda Batata Market"", ""A.P.M.C Market (Vashi)"", ""I.C.L School (Vashi)"", ""Turbhe Railway Bridge"", ""Turbhe Naka (Janta Market)"", ""Sanpada Police Station"", ""Juinagar Station (Herdilla Co.)"", ""Shirvane Village"", ""Dr DY Patil College (Nerul L.P)"", ""Chhatrapati Shivaji Maharaj Chowk (Nerul)"", ""S.I.E.S College (Nerul)"", ""Bank Of Maharashtra (Nerul)"", ""Bhavani Chowk Nerul"", ""Nerul Sector 15"", ""Datta Mandir Nerul (E)"", ""Nerul Railway Station (E)"", ""Dakshata Society"", ""Nerul Police Station"", ""Sterling College Darave"", ""Maharastra Dnyan Mandal Mkcl / Nakhava Chowk"", ""Sector 42 Bus Station / Gaymukh Chowk"", ""Nerul Sector 48 / Petrol Pump"", ""Gurudatta Society"", ""Saikrupa Society (Sector 46/48)"", ""Nerul Sector 46/48""]"
115 V.AC,World Trade Centre → Kharkopar Station,"[""World Trade Centre"", ""Maker Tower"", ""Gd Somani School"", ""Hotel President (Cuffe Parade)"", ""Cuffe Parade Machhimar Nagar"", ""Badhwar Park Machhimar Nagar"", ""Veej Bhavan / Electric House"", ""Yashwantrao Chavan Pratishthan"", ""Mantralaya / L.I.C"", ""Mantralaya"", ""Mantralaya (Golden Gate)"", ""Dr.Ambedkar Statue (Churchgate)"", ""Hutatma Chowk / Mumbai University"", ""Hutatma Chowk"", ""Khadi Bhandar"", ""Chhatrapati Shivaji Maharaj Terminus (C.S.M.T.)"", ""Chhatrapati Shivaji Maharaj Terminus (G.P.O.)"", ""Chhatrapati Shivaji Maharaj Terminus"", ""Railway Accident Court"", ""Fire Brigade (P.D Mello Road)"", ""Carnac Bunder"", ""Loha Bhavan"", ""Princess Dock"", ""Wadi Bunder"", ""Deonar Depot"", ""Punjab Wadi (Deonar)"", ""Telecom Factory"", ""Raj Kapoor Chowk | Anushakti Nagar"", ""Agarwadi (Mankhurd)"", ""Mankhurd Station (N)"", ""Maharashtra Nagar (Mankhurd)"", ""Mankhurd Octroi Naka"", ""Khadi Pul / Toll Naka"", ""Vashi Village"", ""Vashi Highway"", ""Mahatma Phule Auditorium"", ""Moraj Sanpada"", ""Sarsole T-Junction / Palm Beach Residency"", ""Sagardeep Society / Sushrusha Hospital"", ""Meridian Society"", ""Kukshet Gaon / M.S.E.B (Nerul)"", ""Nerul Sector 16/18"", ""Vidya Bhavan Shala / Swami Samarth Math"", ""Vazirani Sports Academy"", ""Agari Koli Sanskrutik Bhavan"", ""Omkar Society"", ""Sai Palms Society"", ""Jewek Of Navi Mumbai"", ""Darave Phatak / Sanjay Joshi Chowk"", ""Seawood Railway Station"", ""Seawoods Darave Station"", ""D Mart / Nerul Sector 42"", ""Don Bosco Vidyalay (Nerul)"", ""Karave Gaon / Smashan Bhumi"", ""Sector 42 Bus Station / Gaymukh Chowk"", ""Sector 42 Bus Station / Gaymukh Chowk"", ""Nerul Sector 48 / Petrol Pump"", ""Akshar Residency"", ""N.R.I / Nerul Sector 46 & 48"", ""Sagar Sangam"", ""N.M.M.C Head Office Belapur (Kille Gaon)"", ""Kille Village / NMMC Head Office"", ""Reti Bunder Ulwe Road"", ""Targhar / Kombadbhuje"", ""Motha Ulwa Village"", ""Morave Phata"", ""Vahal"", ""Vahal Sai Mandir"", ""Shagun Reality Chowk / Fire Brigade Center"", ""Anand Astha Society Sector 19"", ""Bamandongri Station (E)"", ""Nagri Arogya Kendra (Ulwe)"", ""Moreshwar Heritage"", ""N.M Sez / Morave Junction"", ""Bamandongri Station (W)"", ""Ulwe Node"", ""Bhagvati Group Sector 9"", ""Delta Tower Sector 8"", ""Prabhat Heights"", ""Kasturi Heritage"", ""Om Sai Srushti Sector 17"", ""Adinath Society Sector 17"", ""Tejas Height Society Sector 17"", ""Ulwe Node Sector 17"", ""Shelghar"", ""Kharkopar Station""]"
30,Uran Pensioner Park (Char Phata) → Kalamboli Roadpali,"[""Uran Pensioner Park (Char Phata)"", ""ST Stand Uran"", ""ONGC Colony Uran"", ""Teli Pada / Mulakhand"", ""Navin Sheva"", ""Shivrai Chowk (Dronagiri Sector 47)"", ""Riddhi Siddhi (Dronagiri Sector 50)"", ""Nirmal Heights (Dronagiri Sector 51)"", ""MSEB Gas Turbine"", ""Bharat Petrolium Company"", ""Hind Turminals Company"", ""Bhendkhal Gaon"", ""Balmer Lawrie"", ""Bhendkhal"", ""Navghar"", ""Funde College"", ""J.N.P.T Bus Station"", ""Navghar Phata Bus Station"", ""Ramshankar Container"", ""Dastan Toll Plaza"", ""Dastan Phata Bus Station"", ""Saint Stephens School"", ""Jasai"", ""Chirner Phata / Chirle Phata"", ""Shankar Mandir (Jasai)"", ""Shirke Company"", ""Gavhan Phata"", ""Sainagar Vahal"", ""Vahal"", ""Morave Phata"", ""Motha Ulwa Village"", ""Targhar / Kombadbhuje"", ""Reti Bunder Ulwe"", ""Kille Village"", ""Bramha House"", ""Sai Sangam Society"", ""Diwale Village"", ""Agarwal Trade Centre"", ""Belapur Station / Central Bank"", ""Raigad Bhavan"", ""Belapur Station"", ""Konkan Bhavan"", ""C.B.D Belapur Highway / Konkan Bhavan"", ""Kharghar Railway Station / Belpada Gaon"", ""Hiranandani Highway Kharghar"", ""Kopra Gaon"", ""Spageti Gharkul"", ""Taloja Phata"", ""Kamothe Phata"", ""Kamothe Village / K.L.E College"", ""Kalamboli Colony"", ""Kalamboli Chowk (M.G.M.Hospital)"", ""Kalamboli Chowk (Mumbra Road)"", ""Kalamboli Gaon"", ""Fire Brigade Kalamboli / Abhyudaya Bank"", ""Kalamboli Naka"", ""Kalamboli Bus Station"", ""Church / S.T.Sub Station"", ""Power House"", ""Power House"", ""Infinot House"", ""Cidco Water Tank"", ""Kalamboli Roadpali""]"
3,Thane → Koparkhairane Bus Station,"[""Thane"", ""Chendani Koliwada"", ""Dadoji Kondadev Stadium"", ""Mahagiri Koliwada"", ""Court Naka (Kanhaji Angre Chowk)"", ""Kalwa Naka"", ""Chhatrapati Shivaji Maharaj Hospital Kalwa"", ""Vitava Village"", ""Vitava Naka"", ""Ganpati Pada (Vitava Naka)"", ""Patni Company Airoli"", ""Mindspace (Capgemini)"", ""Axis Bank"", ""Neva Garden"", ""Smashan Bhumi Airoli"", ""Airoli Sector 20"", ""Swastik Vrindavan Society Sector 19"", ""N.H.P School"", ""J.V.M College Airoli"", ""Sewage Treatment Plant Airoli"", ""Abhyudaya Bank Airoli"", ""Airoli Sector 17"", ""Airoli Sector 16"", ""Diva Gaon Kopra"", ""Airoli Sector 8"", ""Municipal School Sector 7"", ""Javli Bank / Apple Hospital"", ""Swaraj Society"", ""Saint Xaviers High School"", ""Rabale Gaon"", ""Rabale Station (W) / Gothivali Gaon"", ""Talavali Gaon Char Phata"", ""Talvali Gaon"", ""Gaondevi Mandir Talvali"", ""Smashan Bhumi Talvali"", ""Bhoomiraj Queen Bridge Sector 16"", ""Murbadevi Chowk Ghansoli"", ""Kaul Ali Ghansoli"", ""Vaishali Building | Ghansoli Depot"", ""Atlantis Society"", ""Cloud 36 Society"", ""Megh Malhar Society"", ""Akhil Maharashtra Mathadi Gruha Sankul"", ""Lokshahir Annabhau Sathe Chowk"", ""Kopar Khairane Sector 2/20"", ""Ranjan Devi Chowk"", ""Koparkhairane Bus Station"", ""Koparkhairane Bus Station""]"
2 jada,Thane → Purna Gaon,"[""Thane"", ""Dadoji Kondadev Stadium"", ""Mahagiri Koliwada"", ""Court Naka (Kanhaji Angre Chowk)"", ""Panchganga Phata"", ""Saket Complex"", ""Saket Phata"", ""T.M.C Building Gate"", ""Jalaram Bappa Mandir"", ""Balkum Pada Number 3"", ""Balkum Pada Number 2"", ""Balkum Naka"", ""Dosti West County"", ""N.G Regency (Balkum)"", ""Chamunda"", ""Kasheli Toll Naka"", ""Kasheli Gaon"", ""Hanuman Complex"", ""Durgesh Park"", ""Kalher"", ""Pipe Line Kalher"", ""Kopar"", ""Purna Gaon""]"
21 E.AC,Vashi Sector 7 Bus Station → Artist Colony (Sector 8),"[""Vashi Sector 7 Bus Station"", ""Vashi Sector 8"", ""Kamgar Hospital"", ""Vashi Sector 4"", ""Vashi Sector 4"", ""Vashi Sector 3 / Gurudwara"", ""Vashi Bus Station"", ""Vashi Bus Station"", ""Saint Lawrence High School (Vashi)"", ""Kanda Batata Market"", ""A.P.M.C Market (Vashi)"", ""I.C.L School (Vashi)"", ""Turbhe Railway Bridge"", ""Turbhe Naka (Janta Market)"", ""Sanpada Police Station"", ""Juinagar Station (Herdilla Company)"", ""Shiravane Village (Service Road)"", ""Ganesh Wadi"", ""Shiravane Gaon"", ""Rajiv Gandhi Bridge"", ""Nerul Ward Office"", ""Nerul Bus Station"", ""Bhavani Chowk Nerul"", ""Nerul Sector 15"", ""Datta Mandir Nerul (E)"", ""Nerul Railway Station (E)"", ""Dakshata Society"", ""Nerul Police Station"", ""Sterling College Darave"", ""Air India Colony"", ""Income Tax Colony"", ""Belapur West"", ""Kille Gaon (Belapur)"", ""Sector 20"", ""Chintamani Housing Society"", ""Belapur Ward Office"", ""Belapur Talao"", ""Vidya Prasarak High School"", ""Datta Prasadik Bhajan Mandal"", ""Diwale Village"", ""Agarwal Trade Centre"", ""Central Bank | Belapur Station"", ""Raigad Bhavan"", ""Belapur Station"", ""CIDCO Bhavan (Konkan Bhavan)"", ""CBD Fire Brigade Station"", ""CBD Belapur Bus Station"", ""CBD Sector 3"", ""Gavaskar Ground / Sector 1/2"", ""Ganesh Mandir"", ""Arenja Complex"", ""Krantiveer Vasudev Balwant Phadke School"", ""Saint Joseph Church"", ""Artist Colony"", ""Artist Colony (Sector 8)""]"
15 E.AC,Nerul Sector 46/48 → Dr DY Patil College (Nerul L.P),"[""Nerul Sector 46/48"", ""Saikrupa Society (Sector 46/48)"", ""Gurudatta Society"", ""Saidham Society (Nerul)"", ""Ashtagandha Society (Nerul)"", ""Adarsha Market (Nerul)"", ""Banubai Ganpat Tandel Market"", ""Sector 42 Bus Station / Gaymukh Chowk"", ""Karave Gaon / Smashan Bhumi"", ""Ganesh Maidan"", ""Ganesh Talav Karave Gaon"", ""Kendriya Vihar Sector 38"", ""D - Mart/ Don Bosco School"", ""Maharastra Dnyan Mandal Mkcl / Nakhava Chowk"", ""Sterling College Darave"", ""Nirmal Society / Nerul Sector 21"", ""Mother Teresa Garden"", ""D-Mart Nerul Sector 21"", ""Meenatai Thakare Hospital"", ""Nerul Station (E)"", ""Datta Mandir Nerul (E)"", ""Nerul Sector 15"", ""Bhavani Chowk Nerul"", ""Bank Of Maharashtra (Nerul)"", ""S.I.E.S College (Nerul)"", ""Chhatrapati Shivaji Maharaj Chowk (Nerul)"", ""Dr DY Patil College (Nerul L.P)""]"
47 E.AC,C.B.D.Belapur Bus Station → Badlapur,"[""C.B.D.Belapur Bus Station"", ""C.B.D.Fire Brigde Station"", ""C.B.D Belapur Highway / Konkan Bhavan"", ""Uran Phata"", ""S.B.I Colony / Tata Press"", ""Dr D.Y Patil Stadium (Nerul)"", ""Nerul Naka"", ""Shirvane Village"", ""Juinagar Station (Herdilla Co.)"", ""Sanpada Police Station"", ""Turbhe Naka (Janta Market)"", ""Turbhe Naka"", ""Dambar Plant"", ""Indira Nagar"", ""Bagade Engineers"", ""Sunravi Printers"", ""Shalimar"", ""Hayko"", ""Krishna Steel"", ""Pawan Industries"", ""Ramnath Solar"", ""Nelco Mahape"", ""Mahape Gaon"", ""Mahape Junction"", ""Lipi Computers"", ""L&T Company Mahape"", ""Bajrang Hotel"", ""Khadichi Machine"", ""Cidco Water Supply"", ""Punjab Puja Hotel"", ""Shil Nursery"", ""Shil Phata Mahape Road"", ""Kalyan Phata Daighar"", ""Kalyan Phata (Datta Mandir)"", ""Chintamani Hotel / Jain Mandir"", ""Mhatrewadi / Patilwadi"", ""Padale Gaon"", ""Khidkali Mandir"", ""Khidkali"", ""Lodha Complex"", ""Katai Gaon"", ""Badlapur Junction"", ""Kole Village"", ""Hedutane Pada / Samadhan Hotel"", ""Hedutane"", ""Hira Nagar"", ""Umbharli Gaon"", ""Kumbharli Phata"", ""Khoni Gaon"", ""Usatane Phata"", ""Nevali Naka / Pipe Line"", ""Nevali Gaon"", ""Dadar Village"", ""Shanti Prakash Ashram"", ""Pale Village"", ""Rangoli Hotel / Vurdhashram"", ""Anand Nagar"", ""Pritam Hotel"", ""Morivali Mhada Colony"", ""Pipe Line Junction"", ""N.M.R.L."", ""Chikhloli Village"", ""Camel Convent High School"", ""Sunbath Hotel"", ""Belavali Petrol Pump"", ""Ganesh Ghat"", ""Katrap Gaon"", ""Swami Samarth Nagar"", ""Badlapur Bridge"", ""Badlapur Railway Station"", ""Gandhi Chowk"", ""Shivaji Maharaj Chowk / Apate Wadi"", ""Veer Savarkar Chowk"", ""Badlapur""]"
4 jada,Thane → M.B.P Mahape (Millennium Business Park),"[""Thane"", ""Chendani Koliwada"", ""Dadoji Kondadev Stadium"", ""Mahagiri Koliwada"", ""Court Naka (Kanhaji Angre Chowk)"", ""Kalwa Naka"", ""Kalwa Depot"", ""Vitava Village"", ""Vitava Naka"", ""Ganpati Pada (Vitava Naka)"", ""Mukund Company Bridge"", ""Ganesh Nagar"", ""Digha Village"", ""M.S.E.B Digha"", ""Reliable Plaza"", ""Airoli Naka"", ""Minds Space"", ""Airoli Station"", ""Bharat Bijlee Airoli"", ""Siemens Company"", ""Rabale Police Station"", ""Rabale Naka"", ""Rabale Station"", ""Gothivali Village / Telephone Exchange"", ""Talavali Naka / Nocil Company"", ""Ghansoli Naka"", ""Standard Alkali Company"", ""Ghansoli Station"", ""Mahape Naka"", ""Helan Kelar Institute"", ""M.B.P Mahape (Millennium Business Park)""]"
54,Taloja Gaon | RAF Camp → Kharghar Station,"[""Taloja Gaon | RAF Camp"", ""Papadicha Pada"", ""Parshi Pada"", ""Gokuldham Developers"", ""Kutuk Bandhan"", ""Taloja Jail"", ""Ganesh Mandir Sector 35"", ""Sai Wonder Ove Gaon"", ""Sai Satsang"", ""Empyrean School"", ""Ove Camp"", ""Tata Cancer Hospital"", ""Gurudwara"", ""Central Park / Pandav Kada"", ""Hare Krishna Mandir"", ""Jesus Saint Merry School"", ""Tulsi Gagan Society"", ""A.P.J.School"", ""Raghunath Vihar"", ""Kharghar Gram Panchayat Office"", ""Gharkul Corner"", ""Nagari Arogya Kendra Kharghar"", ""Kendriya Vihar Sector No.12 / Navrang Hotel"", ""Kendriya Vihar"", ""Canara Bank"", ""Hiranandani Complex Kharghar"", ""Little World"", ""Siemens Ltd."", ""Kharghar Station""]"
81 E.AC,Vashi Station → Mumbra Dattawadi,"[""Vashi Station"", ""Center One Mall (Vashi)"", ""Vashi Sector 17 / Apna Bazar"", ""Navratna Hotel Vashi"", ""Vashi Bus Station"", ""Saint Lawrence High School (Vashi)"", ""Kanda Batata Market"", ""A.P.M.C Market (Vashi)"", ""Mafco Market Sanpada"", ""Sanpada Station"", ""Sanpada Highway"", ""Turbhe Village"", ""Turbhe Naka (Flyover End)"", ""Turbhe Naka"", ""Dambar Plant"", ""Lubrizol Company | Indiranagar"", ""Indira Nagar"", ""Bagade Engineers"", ""Sunravi Printers"", ""Shalimar"", ""Hayko"", ""Krishna Steel"", ""Pawan Industries"", ""Ramnath Solar"", ""Nelco Mahape"", ""Mahape Gaon"", ""Mahape Junction"", ""Lipi Computers"", ""L&T Company Mahape"", ""Adavali Bhutawali"", ""Bajrang Hotel"", ""Khadichi Machine"", ""Cidco Water Supply"", ""Punjab Puja Hotel"", ""Shil Nursery"", ""Shil Phata Mahape Road"", ""Shil Phata Mumbra Road"", ""Kalsekar"", ""Bharat Gears (Mumbra)"", ""Millenium Hospital (Kousa)"", ""Shimla Park"", ""Kousa Jama Masjid"", ""Kousa Gaon"", ""Almos Colony (Kousa)"", ""Nashimat Colony"", ""Kismat Colony"", ""Amrut Nagar (Mumbra)"", ""Shankar Mandir Mumbra"", ""Shivsena Office (Mumbra)"", ""Mumbra Police Station"", ""Lalit Clinic"", ""Mumbra Prabhat Office"", ""Mumbra Railway Station"", ""Mumbra Dattawadi""]"
66,Kalyan Bail Bazar Chowk → Ghansoli Station,"[""Kalyan Bail Bazar Chowk"", ""Raheja Complex Phool Market"", ""Patri Pul Kalyan"", ""Metro Mall Junction"", ""Netvali"", ""Suchak Naka"", ""Tata Power / Tisavali Naka"", ""Monark"", ""Pandurang Wadi"", ""Goalavali Gaon"", ""Vicco Naka"", ""Dawadi Naka"", ""Nekni Pada"", ""Dombivali Nagari Sahakari Bank"", ""Sonar Pada"", ""Sonarpada"", ""Pimpleshwar Temple"", ""Mangaon"", ""Manpada Gaon"", ""Premier Company"", ""Pipeline Kole Gaon"", ""Katai Junction / Naka"", ""Katai Gaon"", ""Lodha Complex"", ""Khidkali"", ""Khidkali Mandir"", ""Padale Gaon (Main Road)"", ""Mhatrewadi / Patilwadi"", ""Chintamani Hotel / Jain Mandir"", ""Kalyan Phata (Datta Mandir)"", ""Kalyan Phata (Dahisar Gaon)"", ""Shil Phata Mahape Road"", ""Shil Nursery"", ""Punjab Puja Hotel"", ""Cidco Water Supply"", ""Khadichi Machine"", ""Bajrang Hotel"", ""Adavali Bhutawali"", ""L&T Company Mahape"", ""Lipi Computers"", ""Mahape Junction"", ""Sarovar Hotel / Mahape Junction"", ""MBP Mahape (Millennium Business Park)"", ""Helan Kelar Institute"", ""Mahape Naka"", ""Ghansoli Station""]"
73,Panvel Station (W) → Kalyan Bail Bazar Chowk,"[""Panvel Station (W)"", ""Panvel Bus Station / Shivajinagar"", ""Orion Mall Panvel"", ""New Panvel Bridge"", ""Amardham / C.K.T College"", ""Thane Naka / Garden Hotel"", ""Khanda Gaon Colony"", ""Khanda Gaon Netrajyot Hospital"", ""Asudgaon Depot Highway"", ""Kalamboli Chowk (Mumbra Road)"", ""Kalamboli Gaon"", ""Kalamboli Fire Brigade"", ""R.T.O.Office Kalamboli"", ""Khidukpada Village"", ""Roadpali"", ""Roadpali Ambedkar Nagar"", ""Devkrupa Society"", ""Navade Gaon"", ""Navade Phata"", ""Petrol Pump Pendhar"", ""Pendhar Phata"", ""Crown"", ""Dena Bank"", ""Rexam Company"", ""Hindalco Company"", ""Water Tank"", ""T.M.A."", ""B.E.L.Naka Taloja"", ""Kingfisher Company"", ""Tondare Phata"", ""Sakal Bhavan"", ""Nitlas Phata / Asahi Glass Company"", ""Nitlas Gaon"", ""Nagzari Gaon"", ""Asis Company"", ""Usatane Gaon"", ""Naren Phata"", ""Chirad / Pali"", ""Pagdya Pada"", ""A.C.C.Cement Company"", ""Dharmaleshwar Shankar Mandir"", ""Palava Project Office / Petrol Pump"", ""Kumbharli Phata"", ""Khoni Gaon"", ""Usatane Phata"", ""Nevali Naka / Pipe Line"", ""Bhal"", ""Dwarli Gaon"", ""Namaskar Dhaba"", ""Aadavali Stand"", ""Nandivali"", ""Anmol Garden"", ""Nandivali"", ""Radha Krushna Park"", ""Chetana School"", ""Chakki Naka"", ""Chakki Naka"", ""LOK Gram"", ""Damodar Nagar"", ""Netvali"", ""Metro Mall Junction"", ""Patri Pul Kalyan"", ""Raheja Complex Phool Market"", ""Kalyan Bail Bazar Chowk""]"
116 EL.AC,Mantralaya / L.I.C → Kharkopar Station,"[""Mantralaya / L.I.C"", ""Mantralaya"", ""Mantralaya (Golden Gate)"", ""Dr.Shyamaprasad Mukherjee Chowk (Museum)"", ""Hutatma Chowk / Mumbai University"", ""Hutatma Chowk"", ""Khadi Bhandar"", ""Chhatrapati Shivaji Maharaj Terminus (G.P.O.)"", ""Fire Brigade (P.D Mello Road)"", ""Carnac Bunder"", ""Loha Bhavan"", ""Wadi Bunder"", ""Sewree Nhavasheva Atal Setu Bridge"", ""K.M 1"", ""K.M 4"", ""K.M 6"", ""K.M 7"", ""K.M 10"", ""K.M 13"", ""Rescue Station (Atal Setu)"", ""K.M 16"", ""Shivajinagar / Atal Setu Toll Plaza"", ""Kharkopar Station (W)"", ""Shivajinagar Shivdi"", ""Delta Tower Sector 8"", ""Prabhat Heights"", ""Kasturi Heritage"", ""Om Sai Srushti Sector 17"", ""Adinath Society Sector 17"", ""Ramseth Thakur Stadium"", ""Kharkopar Station""]"
20 E.AC,Nerul Sector 46/48 → Ghansoli Depot,"[""Nerul Sector 46/48"", ""Saikrupa Society (Sector 46/48)"", ""Gurudatta Society"", ""Saidham Society (Nerul)"", ""Ashtagandha Society (Nerul)"", ""Adarsha Market (Nerul)"", ""Banubai Ganpat Tandel Market"", ""Sector 42 Bus Station / Gaymukh Chowk"", ""Ganesh Maidan"", ""Ganesh Talav Karave Gaon"", ""Kendriya Vihar Sector 38"", ""D Mart / Nerul Sector 42"", ""Seawoods Darave Station"", ""Seawood Railway Station"", ""Darave Phatak / Sanjay Joshi Chowk"", ""Nerul Gymkhana"", ""Shri Ganesh Cooperative Housing Society"", ""Terna Hospital"", ""Nerul Railway Station (W)"", ""Nerul Village"", ""Vidyaprasark Shikshan Mandal"", ""Kukshet Gaon"", ""Sarsole Bus Station"", ""Sarsole Koliwada"", ""Chhatrapati Shivaji Maharaj Chowk (Nerul)"", ""Dr DY Patil College (Nerul L.P)"", ""Nerul Naka"", ""Shirvane Village"", ""Juinagar Station (Herdilla Co.)"", ""Sanpada Police Station"", ""Turbhe Naka (Janta Market)"", ""I.C.L School (Vashi)"", ""A.P.M.C Market (Vashi)"", ""Kanda Batata Market"", ""Saint Lawrence High School (Vashi)"", ""Vashi Bus Station"", ""Vashi Sector 9/16"", ""Navi Mumbai Bank (Vashi Sector 10/15)"", ""Vashi Sector 10/15"", ""Mahatma Gandhi Complex (Juhu Nagar)"", ""Juhu Village Sector 14"", ""Vashi Sector 29"", ""Mega Mart / O.E.S International School"", ""Bonkode Village / Kalash Udyan"", ""R.F Naik School"", ""Koparkhairane Sector 7/15 (Shubham Palace)"", ""Koparkhairane Bus Station"", ""Koparkhairane Bus Station"", ""Ranjan Devi Chowk"", ""Kopar Khairane Sector 2/20"", ""Terna Engineering College"", ""Terna College"", ""Ghansoli Dargah"", ""Ghansoli Railway Station (W)"", ""Panchavati"", ""Siddheshwar Society"", ""Ghansoli Gharonda"", ""Rajiv Gandhi College"", ""Bhoomi Oscar Chowk"", ""Megh Malhar Society"", ""Cloud 36 Society"", ""Atlantis Society"", ""Ghansoli Depot""]"
41,Vashi Station → Dombivali (Shastri Nagar Hospital),"[""Vashi Station"", ""Center One Mall (Vashi)"", ""Vashi Sector 17 / Apna Bazar"", ""Navratna Hotel Vashi"", ""Vashi Bus Station"", ""Saint Lawrence High School (Vashi)"", ""Kanda Batata Market"", ""A.P.M.C Market (Vashi)"", ""Mafco Market Sanpada"", ""Sanpada Station"", ""Sanpada Highway"", ""Turbhe Village"", ""Turbhe Naka (Flyover End)"", ""Turbhe Naka"", ""Dambar Plant"", ""Lubrizol Company | Indiranagar"", ""Indira Nagar"", ""Bagade Engineers"", ""Sunravi Printers"", ""Shalimar"", ""Hayko"", ""Krishna Steel"", ""Pawan Industries"", ""Ramnath Solar"", ""Nelco Mahape"", ""Mahape Gaon"", ""Mahape Junction"", ""Lipi Computers"", ""L&T Company Mahape"", ""Adavali Bhutawali"", ""Bajrang Hotel"", ""Khadichi Machine"", ""Cidco Water Supply"", ""Punjab Puja Hotel"", ""Shil Nursery"", ""Shil Phata Mahape Road"", ""Kalyan Phata (Dahisar Gaon)"", ""Kalyan Phata (Datta Mandir)"", ""Chintamani Hotel / Jain Mandir"", ""Mhatrewadi / Patilwadi"", ""Padale Gaon (Main Road)"", ""Khidkali Mandir"", ""Khidkali"", ""Lodha Complex"", ""Katai Gaon"", ""Badlapur Junction"", ""Pipeline Kole Gaon"", ""Premier Company"", ""Manpada Gaon"", ""Mangaon"", ""Pimpleshwar Temple"", ""Sonarpada"", ""Chaughule Vidyalay / G.R. Patil College"", ""Dombivali Nagari Sahakari Bank"", ""Nekni Pada"", ""Dawadi Naka"", ""Vicco Naka"", ""Milap Nagar Corner"", ""Pendharkar College"", ""Aajde Gaon (Gharda Circle)"", ""Shelar Naka"", ""Parasmani Chowk (Tilak Chowk)"", ""Char Phata (Dombivali)"", ""SK Patil Chowk"", ""Tandon Road"", ""SK Patil College (Dombivali)"", ""Ram Nagar"", ""Dombivali (Shastri Nagar Hospital)""]"
77,Panvel Station (E) → Mahalaxmi Nagar Nere,"[""Panvel Station (E)"", ""Abhyudaya Bank Panvel"", ""Fire Brigade Panvel"", ""Indian Bank / Union Bank"", ""Sai Sandesh Society"", ""New Panvel Bus Station (Sector 12)"", ""Terna Hospital Panvel"", ""Sukapur Chowk"", ""Sainagar Nere Road"", ""Sukapur"", ""Shree Hospital / Karnala Bank"", ""Malewadi"", ""Akurli"", ""St.Thomas School"", ""Akurli Gaon"", ""Chipale Pul"", ""Bhokarpada"", ""Bonshet Phata"", ""Chipale"", ""Chipale Vihighar"", ""Vijaya Bank"", ""Koproli Gaon"", ""Royal Meadows"", ""Naupada"", ""Mahalaxmi Nagar Nere""]"
144 E.AC,Airoli Bus Station → Agarkar Chowk (Andheri E),"[""Airoli Bus Station"", ""Airoli Sector 4 (Abhang Society)"", ""Airoli Sector 5 / Abhang Society"", ""Sahakar Bazar (Airoli)"", ""Airoli Sector 5"", ""Airoli Sector 8 / Diva Village"", ""Diva Gaon Kopra / Airoli Sector 9"", ""Airoli Sector 10 (Dr.Babasaheb Ambedkar Bhavan)"", ""Airoli Toll Naka (Mulund-E)"", ""Bhandup Pumping Station (Link Road)"", ""Cantiener Corporation Of India"", ""Bhandup Village Junction"", ""Bhandup Village Junction"", ""Nahur Station (E)"", ""Shivai Vidyalaya"", ""R.B.I Colony (Bhandup Village)"", ""RCF Colony Bhandup Village"", ""RCF Colony (Shri Krishna Society)"", ""Keni Vidyalaya"", ""Udyashree Marg"", ""Kurla Nagrik Sahakari Bank"", ""Bhandup Village (E)"", ""Hema Park"", ""Bhandup Station (E)"", ""CGS Colony Bhandup"", ""DAV College Bhandup"", ""Adarsh School"", ""Crompton Greaves"", ""Kanjur Village"", ""Ankur Hospital"", ""Mansukh Dyeing Company"", ""Tagore Nagar Junction"", ""Tagore Nagar No.5"", ""Gandhi Nagar (Kanjurmarg)"", ""Gandhi Nagar (Jvlr)"", ""IIT Market Powai"", ""IIT Main Gate Powai"", ""Gateway Plaza (Powai)"", ""Punchkutir / Ganesh Mandir (Powai)"", ""Hiranandani Powai"", ""Powai Vihar Complex"", ""Ram Ashram"", ""Shipping Corporation"", ""Dr.Ambedkar Udyan (Powai)"", ""Dr.Ambedkar Udyan (Powai)"", ""Milind Nagar (J.V.L.R)"", ""I.E.S High School J.V.L.R"", ""Aarey JVLR Metro Station"", ""Reliance Energy Training Centre (Seepz Village)"", ""Seepz Village"", ""Seepz Village"", ""Seepz Village"", ""Seepz Bus Station"", ""C Cross Road Seepz"", ""Orkay Mill"", ""Gautam Nagar (Marol)"", ""E.S.I.S Hospital / Midc Police Station"", ""Marol Depot"", ""Nelco"", ""Chakala / WEH Metro Station"", ""Vishal Hall / Prakash Studio"", ""Agarkar Chowk (Andheri E)""]"
